CREATE DATABASE  IF NOT EXISTS `northwind_dw` /*!40100 DEFAULT CHARACTER SET utf8mb4 COLLATE utf8mb4_0900_ai_ci */ /*!80016 DEFAULT ENCRYPTION='N' */;
USE `northwind_dw`;
-- MySQL dump 10.13  Distrib 8.0.28, for Win64 (x86_64)
--
-- Host: localhost    Database: northwind_dw
-- ------------------------------------------------------
-- Server version	8.0.28

/*!40101 SET @OLD_CHARACTER_SET_CLIENT=@@CHARACTER_SET_CLIENT */;
/*!40101 SET @OLD_CHARACTER_SET_RESULTS=@@CHARACTER_SET_RESULTS */;
/*!40101 SET @OLD_COLLATION_CONNECTION=@@COLLATION_CONNECTION */;
/*!50503 SET NAMES utf8 */;
/*!40103 SET @OLD_TIME_ZONE=@@TIME_ZONE */;
/*!40103 SET TIME_ZONE='+00:00' */;
/*!40014 SET @OLD_UNIQUE_CHECKS=@@UNIQUE_CHECKS, UNIQUE_CHECKS=0 */;
/*!40014 SET @OLD_FOREIGN_KEY_CHECKS=@@FOREIGN_KEY_CHECKS, FOREIGN_KEY_CHECKS=0 */;
/*!40101 SET @OLD_SQL_MODE=@@SQL_MODE, SQL_MODE='NO_AUTO_VALUE_ON_ZERO' */;
/*!40111 SET @OLD_SQL_NOTES=@@SQL_NOTES, SQL_NOTES=0 */;

--
-- Table structure for table `customer_dim`
--

DROP TABLE IF EXISTS `customer_dim`;
/*!40101 SET @saved_cs_client     = @@character_set_client */;
/*!50503 SET character_set_client = utf8mb4 */;
CREATE TABLE `customer_dim` (
  `CustomerID` varchar(5) CHARACTER SET latin1 NOT NULL,
  `CompanyName` varchar(40) CHARACTER SET latin1 NOT NULL,
  `ContactName` varchar(30) CHARACTER SET latin1 DEFAULT NULL,
  `ContactTitle` varchar(30) CHARACTER SET latin1 DEFAULT NULL,
  `City` varchar(15) CHARACTER SET latin1 DEFAULT NULL,
  `Country` varchar(15) CHARACTER SET latin1 DEFAULT NULL,
  `PostalCode` varchar(10) CHARACTER SET latin1 DEFAULT NULL,
  PRIMARY KEY (`CustomerID`)
) ENGINE=InnoDB DEFAULT CHARSET=utf8mb4 COLLATE=utf8mb4_0900_ai_ci;
/*!40101 SET character_set_client = @saved_cs_client */;

--
-- Dumping data for table `customer_dim`
--

LOCK TABLES `customer_dim` WRITE;
/*!40000 ALTER TABLE `customer_dim` DISABLE KEYS */;
INSERT INTO `customer_dim` VALUES ('ALFKI','Alfreds Futterkiste','Maria Anders','Sales Representative','Berlin','Germany','12209'),('ANATR','Ana Trujillo Emparedados y helados','Ana Trujillo','Owner','Mxico D.F.','Mexico','05021'),('ANTON','Antonio Moreno Taquera','Antonio Moreno','Owner','Mxico D.F.','Mexico','05023'),('AROUT','Around the Horn','Thomas Hardy','Sales Representative','London','UK','WA1 1DP'),('BERGS','Berglunds snabbkp','Christina Berglund','Order Administrator','Lule','Sweden','S-958 22'),('BLAUS','Blauer See Delikatessen','Hanna Moos','Sales Representative','Mannheim','Germany','68306'),('BLONP','Blondesddsl pre et fils','Frdrique Citeaux','Marketing Manager','Strasbourg','France','67000'),('BOLID','Blido Comidas preparadas','Martn Sommer','Owner','Madrid','Spain','28023'),('BONAP','Bon app\'','Laurence Lebihan','Owner','Marseille','France','13008'),('BOTTM','Bottom-Dollar Markets','Elizabeth Lincoln','Accounting Manager','Tsawassen','Canada','T2F 8M4'),('BSBEV','B\'s Beverages','Victoria Ashworth','Sales Representative','London','UK','EC2 5NT'),('CACTU','Cactus Comidas para llevar','Patricio Simpson','Sales Agent','Buenos Aires','Argentina','1010'),('CENTC','Centro comercial Moctezuma','Francisco Chang','Marketing Manager','Mxico D.F.','Mexico','05022'),('CHOPS','Chop-suey Chinese','Yang Wang','Owner','Bern','Switzerland','3012'),('COMMI','Comrcio Mineiro','Pedro Afonso','Sales Associate','Sao Paulo','Brazil','05432-043'),('CONSH','Consolidated Holdings','Elizabeth Brown','Sales Representative','London','UK','WX1 6LT'),('DRACD','Drachenblut Delikatessen','Sven Ottlieb','Order Administrator','Aachen','Germany','52066'),('DUMON','Du monde entier','Janine Labrune','Owner','Nantes','France','44000'),('EASTC','Eastern Connection','Ann Devon','Sales Agent','London','UK','WX3 6FW'),('ERNSH','Ernst Handel','Roland Mendel','Sales Manager','Graz','Austria','8010'),('FAMIA','Familia Arquibaldo','Aria Cruz','Marketing Assistant','Sao Paulo','Brazil','05442-030'),('FISSA','FISSA Fabrica Inter. Salchichas S.A.','Diego Roel','Accounting Manager','Madrid','Spain','28034'),('FOLIG','Folies gourmandes','Martine Ranc','Assistant Sales Agent','Lille','France','59000'),('FOLKO','Folk och f HB','Maria Larsson','Owner','Brcke','Sweden','S-844 67'),('FRANK','Frankenversand','Peter Franken','Marketing Manager','Mnchen','Germany','80805'),('FRANR','France restauration','Carine Schmitt','Marketing Manager','Nantes','France','44000'),('FRANS','Franchi S.p.A.','Paolo Accorti','Sales Representative','Torino','Italy','10100'),('FURIB','Furia Bacalhau e Frutos do Mar','Lino Rodriguez','Sales Manager','Lisboa','Portugal','1675'),('GALED','Galera del gastrnomo','Eduardo Saavedra','Marketing Manager','Barcelona','Spain','08022'),('GODOS','Godos Cocina Tpica','Jos Pedro Freyre','Sales Manager','Sevilla','Spain','41101'),('GOURL','Gourmet Lanchonetes','Andr Fonseca','Sales Associate','Campinas','Brazil','04876-786'),('GREAL','Great Lakes Food Market','Howard Snyder','Marketing Manager','Eugene','USA','97403'),('GROSR','GROSELLA-Restaurante','Manuel Pereira','Owner','Caracas','Venezuela','1081'),('HANAR','Hanari Carnes','Mario Pontes','Accounting Manager','Rio de Janeiro','Brazil','05454-876'),('HILAA','HILARION-Abastos','Carlos Hernndez','Sales Representative','San Cristbal','Venezuela','5022'),('HUNGC','Hungry Coyote Import Store','Yoshi Latimer','Sales Representative','Elgin','USA','97827'),('HUNGO','Hungry Owl All-Night Grocers','Patricia McKenna','Sales Associate','Cork','Ireland',NULL),('ISLAT','Island Trading','Helen Bennett','Marketing Manager','Cowes','UK','PO31 7PJ'),('KOENE','Kniglich Essen','Philip Cramer','Sales Associate','Brandenburg','Germany','14776'),('LACOR','La corne d\'abondance','Daniel Tonini','Sales Representative','Versailles','France','78000'),('LAMAI','La maison d\'Asie','Annette Roulet','Sales Manager','Toulouse','France','31000'),('LAUGB','Laughing Bacchus Wine Cellars','Yoshi Tannamuri','Marketing Assistant','Vancouver','Canada','V3F 2K1'),('LAZYK','Lazy K Kountry Store','John Steel','Marketing Manager','Walla Walla','USA','99362'),('LEHMS','Lehmanns Marktstand','Renate Messner','Sales Representative','Frankfurt a.M.','Germany','60528'),('LETSS','Let\'s Stop N Shop','Jaime Yorres','Owner','San Francisco','USA','94117'),('LILAS','LILA-Supermercado','Carlos Gonzlez','Accounting Manager','Barquisimeto','Venezuela','3508'),('LINOD','LINO-Delicateses','Felipe Izquierdo','Owner','I. de Margarita','Venezuela','4980'),('LONEP','Lonesome Pine Restaurant','Fran Wilson','Sales Manager','Portland','USA','97219'),('MAGAA','Magazzini Alimentari Riuniti','Giovanni Rovelli','Marketing Manager','Bergamo','Italy','24100'),('MAISD','Maison Dewey','Catherine Dewey','Sales Agent','Bruxelles','Belgium','B-1180'),('MEREP','Mre Paillarde','Jean Fresnire','Marketing Assistant','Montral','Canada','H1J 1C3'),('MORGK','Morgenstern Gesundkost','Alexander Feuer','Marketing Assistant','Leipzig','Germany','04179'),('NORTS','North/South','Simon Crowther','Sales Associate','London','UK','SW7 1RZ'),('OCEAN','Ocano Atlntico Ltda.','Yvonne Moncada','Sales Agent','Buenos Aires','Argentina','1010'),('OLDWO','Old World Delicatessen','Rene Phillips','Sales Representative','Anchorage','USA','99508'),('OTTIK','Ottilies Kseladen','Henriette Pfalzheim','Owner','Kln','Germany','50739'),('PARIS','Paris spcialits','Marie Bertrand','Owner','Paris','France','75012'),('PERIC','Pericles Comidas clsicas','Guillermo Fernndez','Sales Representative','Mxico D.F.','Mexico','05033'),('PICCO','Piccolo und mehr','Georg Pipps','Sales Manager','Salzburg','Austria','5020'),('PRINI','Princesa Isabel Vinhos','Isabel de Castro','Sales Representative','Lisboa','Portugal','1756'),('QUEDE','Que Delcia','Bernardo Batista','Accounting Manager','Rio de Janeiro','Brazil','02389-673'),('QUEEN','Queen Cozinha','Lcia Carvalho','Marketing Assistant','Sao Paulo','Brazil','05487-020'),('QUICK','QUICK-Stop','Horst Kloss','Accounting Manager','Cunewalde','Germany','01307'),('RANCH','Rancho grande','Sergio Gutirrez','Sales Representative','Buenos Aires','Argentina','1010'),('RATTC','Rattlesnake Canyon Grocery','Paula Wilson','Assistant Sales Representative','Albuquerque','USA','87110'),('REGGC','Reggiani Caseifici','Maurizio Moroni','Sales Associate','Reggio Emilia','Italy','42100'),('RICAR','Ricardo Adocicados','Janete Limeira','Assistant Sales Agent','Rio de Janeiro','Brazil','02389-890'),('RICSU','Richter Supermarkt','Michael Holz','Sales Manager','Genve','Switzerland','1203'),('ROMEY','Romero y tomillo','Alejandra Camino','Accounting Manager','Madrid','Spain','28001'),('SANTG','Sant Gourmet','Jonas Bergulfsen','Owner','Stavern','Norway','4110'),('SAVEA','Save-a-lot Markets','Jose Pavarotti','Sales Representative','Boise','USA','83720'),('SEVES','Seven Seas Imports','Hari Kumar','Sales Manager','London','UK','OX15 4NB'),('SIMOB','Simons bistro','Jytte Petersen','Owner','Kobenhavn','Denmark','1734'),('SPECD','Spcialits du monde','Dominique Perrier','Marketing Manager','Paris','France','75016'),('SPLIR','Split Rail Beer & Ale','Art Braunschweiger','Sales Manager','Lander','USA','82520'),('SUPRD','Suprmes dlices','Pascale Cartrain','Accounting Manager','Charleroi','Belgium','B-6000'),('THEBI','The Big Cheese','Liz Nixon','Marketing Manager','Portland','USA','97201'),('THECR','The Cracker Box','Liu Wong','Marketing Assistant','Butte','USA','59801'),('TOMSP','Toms Spezialitten','Karin Josephs','Marketing Manager','Mnster','Germany','44087'),('TORTU','Tortuga Restaurante','Miguel Angel Paolino','Owner','Mxico D.F.','Mexico','05033'),('TRADH','Tradio Hipermercados','Anabela Domingues','Sales Representative','Sao Paulo','Brazil','05634-030'),('TRAIH','Trail\'s Head Gourmet Provisioners','Helvetius Nagy','Sales Associate','Kirkland','USA','98034'),('VAFFE','Vaffeljernet','Palle Ibsen','Sales Manager','rhus','Denmark','8200'),('Val2 ','IT','Val2','IT',NULL,NULL,NULL),('VALON','IT','Valon Hoti','IT',NULL,NULL,NULL),('VICTE','Victuailles en stock','Mary Saveley','Sales Agent','Lyon','France','69004'),('VINET','Vins et alcools Chevalier','Paul Henriot','Accounting Manager','Reims','France','51100'),('WANDK','Die Wandernde Kuh','Rita Mller','Sales Representative','Stuttgart','Germany','70563'),('WARTH','Wartian Herkku','Pirkko Koskitalo','Accounting Manager','Oulu','Finland','90110'),('WELLI','Wellington Importadora','Paula Parente','Sales Manager','Resende','Brazil','08737-363'),('WHITC','White Clover Markets','Karl Jablonski','Owner','Seattle','USA','98128'),('WILMK','Wilman Kala','Matti Karttunen','Owner/Marketing Assistant','Helsinki','Finland','21240'),('WOLZA','Wolski  Zajazd','Zbyszek Piestrzeniewicz','Owner','Warszawa','Poland','01-012');
/*!40000 ALTER TABLE `customer_dim` ENABLE KEYS */;
UNLOCK TABLES;

--
-- Table structure for table `employee_dim`
--

DROP TABLE IF EXISTS `employee_dim`;
/*!40101 SET @saved_cs_client     = @@character_set_client */;
/*!50503 SET character_set_client = utf8mb4 */;
CREATE TABLE `employee_dim` (
  `EmployeeID` int NOT NULL DEFAULT '0',
  `FirstName` varchar(10) CHARACTER SET latin1 NOT NULL,
  `LastName` varchar(20) CHARACTER SET latin1 NOT NULL,
  `Title` varchar(30) CHARACTER SET latin1 DEFAULT NULL,
  `City` varchar(15) CHARACTER SET latin1 DEFAULT NULL,
  PRIMARY KEY (`EmployeeID`)
) ENGINE=InnoDB DEFAULT CHARSET=utf8mb4 COLLATE=utf8mb4_0900_ai_ci;
/*!40101 SET character_set_client = @saved_cs_client */;

--
-- Dumping data for table `employee_dim`
--

LOCK TABLES `employee_dim` WRITE;
/*!40000 ALTER TABLE `employee_dim` DISABLE KEYS */;
INSERT INTO `employee_dim` VALUES (1,'Nancy','Davolio','Sales Representative','Seattle'),(2,'Andrew','Fuller','Vice President, Sales','Tacoma'),(3,'Janet','Leverling','Sales Representative','Kirkland'),(4,'Margaret','Peacock','Sales Representative','Redmond'),(5,'Steven','Buchanan','Sales Manager','London'),(6,'Michael','Suyama','Sales Representative','London'),(7,'Robert','King','Sales Representative','London'),(8,'Laura','Callahan','Inside Sales Coordinator','Seattle'),(9,'Anne','Dodsworth','Sales Representative','London');
/*!40000 ALTER TABLE `employee_dim` ENABLE KEYS */;
UNLOCK TABLES;

--
-- Temporary view structure for view `expensive_vu`
--

DROP TABLE IF EXISTS `expensive_vu`;
/*!50001 DROP VIEW IF EXISTS `expensive_vu`*/;
SET @saved_cs_client     = @@character_set_client;
/*!50503 SET character_set_client = utf8mb4 */;
/*!50001 CREATE VIEW `expensive_vu` AS SELECT 
 1 AS `Ten_Most_Expensive_Products`,
 1 AS `UnitPrice`*/;
SET character_set_client = @saved_cs_client;

--
-- Table structure for table `order_facts`
--

DROP TABLE IF EXISTS `order_facts`;
/*!40101 SET @saved_cs_client     = @@character_set_client */;
/*!50503 SET character_set_client = utf8mb4 */;
CREATE TABLE `order_facts` (
  `ProductID` int NOT NULL,
  `OrderID` int NOT NULL,
  `CustomerID` varchar(5) CHARACTER SET latin1 COLLATE latin1_swedish_ci NOT NULL,
  `EmployeeID` int NOT NULL,
  `Date_ID` int NOT NULL,
  `OrderDate` datetime DEFAULT NULL,
  `ShippedDate` datetime DEFAULT NULL,
  `UnitPrice` decimal(10,4) DEFAULT NULL,
  `UnitsInStock` smallint DEFAULT NULL,
  `UnitsOnOrder` smallint DEFAULT NULL,
  `Quantity` smallint DEFAULT NULL,
  `Discount` double(8,0) DEFAULT NULL,
  PRIMARY KEY (`ProductID`,`CustomerID`,`EmployeeID`,`Date_ID`),
  KEY `FK_employee` (`EmployeeID`),
  KEY `FK_date` (`Date_ID`),
  KEY `FK_customer` (`CustomerID`),
  CONSTRAINT `FK_customer` FOREIGN KEY (`CustomerID`) REFERENCES `customer_dim` (`CustomerID`),
  CONSTRAINT `FK_date` FOREIGN KEY (`Date_ID`) REFERENCES `time_dim` (`date_id`),
  CONSTRAINT `FK_employee` FOREIGN KEY (`EmployeeID`) REFERENCES `employee_dim` (`EmployeeID`),
  CONSTRAINT `FK_product` FOREIGN KEY (`ProductID`) REFERENCES `product_dim` (`ProductID`)
) ENGINE=InnoDB DEFAULT CHARSET=utf8mb4 COLLATE=utf8mb4_0900_ai_ci;
/*!40101 SET character_set_client = @saved_cs_client */;

--
-- Dumping data for table `order_facts`
--

LOCK TABLES `order_facts` WRITE;
/*!40000 ALTER TABLE `order_facts` DISABLE KEYS */;
INSERT INTO `order_facts` VALUES (1,10689,'BERGS',1,1454,'1997-10-01 00:00:00','1997-10-07 00:00:00',18.0000,39,0,35,0),(1,10628,'BLONP',4,1404,'1997-08-12 00:00:00','1997-08-20 00:00:00',18.0000,39,0,25,0),(1,10918,'BOTTM',3,1606,'1998-03-02 00:00:00','1998-03-11 00:00:00',18.0000,39,0,60,0),(1,10370,'CHOPS',6,1152,'1996-12-03 00:00:00','1996-12-27 00:00:00',14.4000,39,0,15,0),(1,10609,'DUMON',7,1385,'1997-07-24 00:00:00','1997-07-30 00:00:00',18.0000,39,0,3,0),(1,11047,'EASTC',7,1659,'1998-04-24 00:00:00','1998-05-01 00:00:00',18.0000,39,0,25,0),(1,10911,'GODOS',3,1602,'1998-02-26 00:00:00','1998-03-05 00:00:00',18.0000,39,0,10,0),(1,11006,'GREAL',3,1642,'1998-04-07 00:00:00','1998-04-15 00:00:00',18.0000,39,0,8,0),(1,10863,'HILAA',4,1578,'1998-02-02 00:00:00','1998-02-17 00:00:00',18.0000,39,0,20,0),(1,10646,'HUNGO',9,1419,'1997-08-27 00:00:00','1997-09-03 00:00:00',18.0000,39,0,15,0),(1,10413,'LAMAI',3,1194,'1997-01-14 00:00:00','1997-01-16 00:00:00',14.4000,39,0,24,0),(1,11070,'LEHMS',2,1670,'1998-05-05 00:00:00',NULL,18.0000,39,0,40,0),(1,10522,'LEHMS',4,1300,'1997-04-30 00:00:00','1997-05-06 00:00:00',18.0000,39,0,40,0),(1,10838,'LINOD',3,1564,'1998-01-19 00:00:00','1998-01-23 00:00:00',18.0000,39,0,4,0),(1,10729,'LINOD',8,1488,'1997-11-04 00:00:00','1997-11-14 00:00:00',18.0000,39,0,50,0),(1,10317,'LONEP',6,1088,'1996-09-30 00:00:00','1996-10-10 00:00:00',14.4000,39,0,20,0),(1,10590,'MEREP',4,1368,'1997-07-07 00:00:00','1997-07-14 00:00:00',18.0000,39,0,20,0),(1,10752,'NORTS',2,1508,'1997-11-24 00:00:00','1997-11-28 00:00:00',18.0000,39,0,8,0),(1,10354,'PERIC',8,1133,'1996-11-14 00:00:00','1996-11-20 00:00:00',14.4000,39,0,12,0),(1,10477,'PRINI',5,1256,'1997-03-17 00:00:00','1997-03-25 00:00:00',14.4000,39,0,15,0),(1,10406,'QUEEN',7,1187,'1997-01-07 00:00:00','1997-01-13 00:00:00',14.4000,39,0,10,0),(1,10285,'QUICK',1,1047,'1996-08-20 00:00:00','1996-08-26 00:00:00',14.4000,39,0,45,0),(1,10691,'QUICK',2,1456,'1997-10-03 00:00:00','1997-10-22 00:00:00',18.0000,39,0,30,0),(1,10294,'RATTC',4,1057,'1996-08-30 00:00:00','1996-09-05 00:00:00',14.4000,39,0,18,0),(1,10700,'SAVEA',3,1463,'1997-10-10 00:00:00','1997-10-16 00:00:00',18.0000,39,0,5,0),(1,10847,'SAVEA',4,1567,'1998-01-22 00:00:00','1998-02-10 00:00:00',18.0000,39,0,80,0),(1,11031,'SAVEA',6,1652,'1998-04-17 00:00:00','1998-04-24 00:00:00',18.0000,39,0,45,0),(1,10869,'SEVES',5,1580,'1998-02-04 00:00:00','1998-02-09 00:00:00',18.0000,39,0,40,0),(1,11035,'SUPRD',2,1655,'1998-04-20 00:00:00','1998-04-24 00:00:00',18.0000,39,0,10,0),(1,11003,'THECR',3,1641,'1998-04-06 00:00:00','1998-04-08 00:00:00',18.0000,39,0,4,0),(1,10576,'TORTU',3,1354,'1997-06-23 00:00:00','1997-06-30 00:00:00',18.0000,39,0,10,0),(1,10348,'WANDK',4,1126,'1996-11-07 00:00:00','1996-11-15 00:00:00',14.4000,39,0,15,0),(1,10526,'WARTH',4,1305,'1997-05-05 00:00:00','1997-05-15 00:00:00',18.0000,39,0,8,0),(1,11025,'WARTH',6,1650,'1998-04-15 00:00:00','1998-04-24 00:00:00',18.0000,39,0,10,0),(1,10935,'WELLI',4,1613,'1998-03-09 00:00:00','1998-03-18 00:00:00',18.0000,39,0,21,0),(1,10905,'WELLI',9,1600,'1998-02-24 00:00:00','1998-03-06 00:00:00',18.0000,39,0,20,0),(1,11005,'WILMK',2,1642,'1998-04-07 00:00:00','1998-04-10 00:00:00',18.0000,39,0,2,0),(1,10611,'WOLZA',6,1386,'1997-07-25 00:00:00','1997-08-01 00:00:00',18.0000,39,0,6,0),(2,10856,'ANTON',3,1573,'1998-01-28 00:00:00','1998-02-10 00:00:00',19.0000,17,40,20,0),(2,10741,'AROUT',4,1498,'1997-11-14 00:00:00','1997-11-18 00:00:00',19.0000,17,40,15,0),(2,10866,'BERGS',5,1579,'1998-02-03 00:00:00','1998-02-12 00:00:00',19.0000,17,40,21,0),(2,11041,'CHOPS',3,1657,'1998-04-22 00:00:00','1998-04-28 00:00:00',19.0000,17,40,30,0),(2,10435,'CONSH',8,1215,'1997-02-04 00:00:00','1997-02-07 00:00:00',15.2000,17,40,10,0),(2,10258,'ERNSH',1,1013,'1996-07-17 00:00:00','1996-07-23 00:00:00',15.2000,17,40,50,0),(2,11072,'ERNSH',4,1670,'1998-05-05 00:00:00',NULL,19.0000,17,40,8,0),(2,10327,'FOLKO',2,1099,'1996-10-11 00:00:00','1996-10-14 00:00:00',15.2000,17,40,25,0),(2,10264,'FOLKO',6,1020,'1996-07-24 00:00:00','1996-08-23 00:00:00',15.2000,17,40,35,0),(2,10703,'FOLKO',6,1467,'1997-10-14 00:00:00','1997-10-20 00:00:00',19.0000,17,40,5,0),(2,10342,'FRANK',4,1118,'1996-10-30 00:00:00','1996-11-04 00:00:00',15.2000,17,40,24,0),(2,10888,'GODOS',1,1592,'1998-02-16 00:00:00','1998-02-23 00:00:00',19.0000,17,40,20,0),(2,11049,'GOURL',3,1659,'1998-04-24 00:00:00','1998-05-04 00:00:00',19.0000,17,40,10,0),(2,10641,'HILAA',4,1414,'1997-08-22 00:00:00','1997-08-26 00:00:00',19.0000,17,40,50,0),(2,10298,'HUNGO',6,1063,'1996-09-05 00:00:00','1996-09-11 00:00:00',15.2000,17,40,40,0),(2,10335,'HUNGO',7,1110,'1996-10-22 00:00:00','1996-10-24 00:00:00',15.2000,17,40,7,0),(2,10829,'ISLAT',9,1558,'1998-01-13 00:00:00','1998-01-23 00:00:00',19.0000,17,40,10,0),(2,10787,'LAMAI',2,1533,'1997-12-19 00:00:00','1997-12-26 00:00:00',19.0000,17,40,15,0),(2,11070,'LEHMS',2,1670,'1998-05-05 00:00:00',NULL,19.0000,17,40,20,0),(2,10485,'LINOD',4,1264,'1997-03-25 00:00:00','1997-03-31 00:00:00',15.2000,17,40,20,0),(2,10939,'MAGAA',2,1614,'1998-03-10 00:00:00','1998-03-13 00:00:00',19.0000,17,40,10,0),(2,10766,'OTTIK',4,1519,'1997-12-05 00:00:00','1997-12-09 00:00:00',19.0000,17,40,40,0),(2,10991,'QUICK',1,1636,'1998-04-01 00:00:00','1998-04-07 00:00:00',19.0000,17,40,50,0),(2,11021,'QUICK',3,1649,'1998-04-14 00:00:00','1998-04-21 00:00:00',19.0000,17,40,11,0),(2,10418,'QUICK',4,1197,'1997-01-17 00:00:00','1997-01-24 00:00:00',15.2000,17,40,60,0),(2,10852,'RATTC',8,1571,'1998-01-26 00:00:00','1998-01-30 00:00:00',19.0000,17,40,15,0),(2,10813,'RICAR',1,1550,'1998-01-05 00:00:00','1998-01-09 00:00:00',19.0000,17,40,12,0),(2,10622,'RICAR',4,1398,'1997-08-06 00:00:00','1997-08-11 00:00:00',19.0000,17,40,20,0),(2,10851,'RICAR',5,1571,'1998-01-26 00:00:00','1998-02-02 00:00:00',19.0000,17,40,5,0),(2,10255,'RICSU',9,1008,'1996-07-12 00:00:00','1996-07-15 00:00:00',15.2000,17,40,20,0),(2,10393,'SAVEA',1,1174,'1996-12-25 00:00:00','1997-01-03 00:00:00',15.2000,17,40,25,0),(2,10440,'SAVEA',4,1221,'1997-02-10 00:00:00','1997-02-28 00:00:00',15.2000,17,40,45,0),(2,10714,'SAVEA',5,1475,'1997-10-22 00:00:00','1997-10-27 00:00:00',19.0000,17,40,30,0),(2,11030,'SAVEA',7,1652,'1998-04-17 00:00:00','1998-04-27 00:00:00',19.0000,17,40,100,0),(2,10722,'SAVEA',8,1482,'1997-10-29 00:00:00','1997-11-04 00:00:00',19.0000,17,40,3,0),(2,10885,'SUPRD',6,1588,'1998-02-12 00:00:00','1998-02-18 00:00:00',19.0000,17,40,20,0),(2,10806,'VICTE',3,1545,'1997-12-31 00:00:00','1998-01-05 00:00:00',19.0000,17,40,20,0),(2,10632,'WANDK',8,1406,'1997-08-14 00:00:00','1997-08-19 00:00:00',19.0000,17,40,30,0),(2,10469,'WHITC',1,1249,'1997-03-10 00:00:00','1997-03-14 00:00:00',15.2000,17,40,40,0),(2,10504,'WHITC',4,1281,'1997-04-11 00:00:00','1997-04-18 00:00:00',19.0000,17,40,12,0),(2,10792,'WOLZA',1,1537,'1997-12-23 00:00:00','1997-12-31 00:00:00',19.0000,17,40,10,0),(2,10611,'WOLZA',6,1386,'1997-07-25 00:00:00','1997-08-01 00:00:00',19.0000,17,40,10,0),(3,10702,'ALFKI',4,1466,'1997-10-13 00:00:00','1997-10-21 00:00:00',10.0000,13,70,6,0),(3,10857,'BERGS',8,1573,'1998-01-28 00:00:00','1998-02-06 00:00:00',10.0000,13,70,30,0),(3,10742,'BOTTM',3,1498,'1997-11-14 00:00:00','1997-11-18 00:00:00',10.0000,13,70,20,0),(3,10289,'BSBEV',7,1053,'1996-08-26 00:00:00','1996-08-28 00:00:00',8.0000,13,70,30,0),(3,10764,'ERNSH',6,1517,'1997-12-03 00:00:00','1997-12-08 00:00:00',10.0000,13,70,20,0),(3,11017,'ERNSH',9,1648,'1998-04-13 00:00:00','1998-04-20 00:00:00',10.0000,13,70,25,0),(3,10849,'KOENE',9,1568,'1998-01-23 00:00:00','1998-01-30 00:00:00',10.0000,13,70,49,0),(3,10405,'LINOD',1,1186,'1997-01-06 00:00:00','1997-01-22 00:00:00',8.0000,13,70,50,0),(3,10485,'LINOD',4,1264,'1997-03-25 00:00:00','1997-03-31 00:00:00',8.0000,13,70,20,0),(3,10540,'QUICK',3,1319,'1997-05-19 00:00:00','1997-06-13 00:00:00',10.0000,13,70,60,0),(3,10591,'VAFFE',1,1368,'1997-07-07 00:00:00','1997-07-16 00:00:00',10.0000,13,70,14,0),(4,10654,'BERGS',5,1425,'1997-09-02 00:00:00','1997-09-11 00:00:00',22.0000,53,0,12,0),(4,10326,'BOLID',4,1098,'1996-10-10 00:00:00','1996-10-14 00:00:00',17.6000,53,0,24,0),(4,10511,'BONAP',4,1288,'1997-04-18 00:00:00','1997-04-21 00:00:00',22.0000,53,0,50,0),(4,10726,'EASTC',4,1487,'1997-11-03 00:00:00','1997-12-05 00:00:00',22.0000,53,0,25,0),(4,10533,'FOLKO',8,1312,'1997-05-12 00:00:00','1997-05-22 00:00:00',22.0000,53,0,50,0),(4,10464,'FURIB',4,1243,'1997-03-04 00:00:00','1997-03-14 00:00:00',17.6000,53,0,16,0),(4,10309,'HUNGO',3,1077,'1996-09-19 00:00:00','1996-10-23 00:00:00',17.6000,53,0,20,0),(4,10950,'MAGAA',1,1620,'1998-03-16 00:00:00','1998-03-23 00:00:00',22.0000,53,0,5,0),(4,10635,'MAGAA',8,1410,'1997-08-18 00:00:00','1997-08-21 00:00:00',22.0000,53,0,10,0),(4,10339,'MEREP',2,1116,'1996-10-28 00:00:00','1996-11-04 00:00:00',17.6000,53,0,10,0),(4,10336,'PRINI',7,1111,'1996-10-23 00:00:00','1996-10-25 00:00:00',17.6000,53,0,18,0),(4,10913,'QUEEN',4,1602,'1998-02-26 00:00:00','1998-03-04 00:00:00',22.0000,53,0,30,0),(4,10704,'QUEEN',6,1467,'1997-10-14 00:00:00','1997-11-07 00:00:00',22.0000,53,0,6,0),(4,10527,'QUICK',7,1305,'1997-05-05 00:00:00','1997-05-07 00:00:00',22.0000,53,0,50,0),(4,11000,'RATTC',2,1641,'1998-04-06 00:00:00','1998-04-14 00:00:00',22.0000,53,0,25,0),(4,10846,'SUPRD',2,1567,'1998-01-22 00:00:00','1998-01-23 00:00:00',22.0000,53,0,21,0),(4,10606,'TRADH',4,1383,'1997-07-22 00:00:00','1997-07-31 00:00:00',22.0000,53,0,20,0),(4,10636,'WARTH',4,1411,'1997-08-19 00:00:00','1997-08-26 00:00:00',22.0000,53,0,25,0),(4,10344,'WHITC',4,1120,'1996-11-01 00:00:00','1996-11-05 00:00:00',17.6000,53,0,35,0),(5,10290,'COMMI',8,1054,'1996-08-27 00:00:00','1996-09-03 00:00:00',17.0000,0,0,20,0),(5,10848,'CONSH',7,1568,'1998-01-23 00:00:00','1998-01-29 00:00:00',21.3500,0,0,30,0),(5,11047,'EASTC',7,1659,'1998-04-24 00:00:00','1998-05-01 00:00:00',21.3500,0,0,30,0),(5,10258,'ERNSH',1,1013,'1996-07-17 00:00:00','1996-07-23 00:00:00',17.0000,0,0,65,0),(5,10382,'ERNSH',4,1162,'1996-12-13 00:00:00','1996-12-16 00:00:00',17.0000,0,0,32,0),(5,10635,'MAGAA',8,1410,'1997-08-18 00:00:00','1997-08-21 00:00:00',21.3500,0,0,15,0),(5,10958,'OCEAN',7,1622,'1998-03-18 00:00:00','1998-03-27 00:00:00',21.3500,0,0,20,0),(5,10262,'RATTC',8,1018,'1996-07-22 00:00:00','1996-07-25 00:00:00',17.0000,0,0,12,0),(5,11030,'SAVEA',7,1652,'1998-04-17 00:00:00','1998-04-27 00:00:00',21.3500,0,0,70,0),(5,10708,'THEBI',6,1470,'1997-10-17 00:00:00','1997-11-05 00:00:00',21.3500,0,0,4,0),(6,10952,'ALFKI',1,1620,'1998-03-16 00:00:00','1998-03-24 00:00:00',25.0000,120,0,16,0),(6,10871,'BONAP',9,1581,'1998-02-05 00:00:00','1998-02-10 00:00:00',25.0000,120,0,50,0),(6,10949,'BOTTM',2,1617,'1998-03-13 00:00:00','1998-03-17 00:00:00',25.0000,120,0,12,0),(6,10734,'GOURL',2,1491,'1997-11-07 00:00:00','1997-11-12 00:00:00',25.0000,120,0,30,0),(6,10309,'HUNGO',3,1077,'1996-09-19 00:00:00','1996-10-23 00:00:00',20.0000,120,0,30,0),(6,10325,'KOENE',1,1097,'1996-10-09 00:00:00','1996-10-14 00:00:00',20.0000,120,0,6,0),(6,10934,'LEHMS',3,1613,'1998-03-09 00:00:00','1998-03-12 00:00:00',25.0000,120,0,20,0),(6,10618,'MEREP',1,1393,'1997-08-01 00:00:00','1997-08-08 00:00:00',25.0000,120,0,70,0),(6,10989,'QUEDE',2,1635,'1998-03-31 00:00:00','1998-04-02 00:00:00',25.0000,120,0,40,0),(6,10830,'TRADH',4,1558,'1998-01-13 00:00:00','1998-01-21 00:00:00',25.0000,120,0,6,0),(7,10511,'BONAP',4,1288,'1997-04-18 00:00:00','1997-04-21 00:00:00',30.0000,15,0,50,0),(7,10940,'BONAP',8,1615,'1998-03-11 00:00:00','1998-03-23 00:00:00',30.0000,15,0,8,0),(7,10982,'BOTTM',2,1631,'1998-03-27 00:00:00','1998-04-08 00:00:00',30.0000,15,0,20,0),(7,11023,'BSBEV',1,1649,'1998-04-14 00:00:00','1998-04-24 00:00:00',30.0000,15,0,4,0),(7,10471,'BSBEV',2,1250,'1997-03-11 00:00:00','1997-03-18 00:00:00',24.0000,15,0,30,0),(7,10987,'EASTC',8,1635,'1998-03-31 00:00:00','1998-04-06 00:00:00',30.0000,15,0,60,0),(7,11056,'EASTC',8,1663,'1998-04-28 00:00:00','1998-05-01 00:00:00',30.0000,15,0,40,0),(7,10979,'ERNSH',8,1630,'1998-03-26 00:00:00','1998-03-31 00:00:00',30.0000,15,0,18,0),(7,10634,'FOLIG',4,1407,'1997-08-15 00:00:00','1997-08-21 00:00:00',30.0000,15,0,35,0),(7,11001,'FOLKO',2,1641,'1998-04-06 00:00:00','1998-04-14 00:00:00',30.0000,15,0,60,0),(7,10790,'GOURL',6,1536,'1997-12-22 00:00:00','1997-12-26 00:00:00',30.0000,15,0,3,0),(7,10858,'LACOR',2,1574,'1998-01-29 00:00:00','1998-02-03 00:00:00',30.0000,15,0,5,0),(7,11071,'LILAS',1,1670,'1998-05-05 00:00:00',NULL,30.0000,15,0,15,0),(7,10958,'OCEAN',7,1622,'1998-03-18 00:00:00','1998-03-27 00:00:00',30.0000,15,0,6,0),(7,10766,'OTTIK',4,1519,'1997-12-05 00:00:00','1997-12-09 00:00:00',30.0000,15,0,35,0),(7,10833,'OTTIK',6,1560,'1998-01-15 00:00:00','1998-01-23 00:00:00',30.0000,15,0,20,0),(7,10694,'QUICK',8,1459,'1997-10-06 00:00:00','1997-10-09 00:00:00',30.0000,15,0,90,0),(7,10962,'QUICK',8,1623,'1998-03-19 00:00:00','1998-03-23 00:00:00',30.0000,15,0,45,0),(7,10988,'RATTC',3,1635,'1998-03-31 00:00:00','1998-04-10 00:00:00',30.0000,15,0,60,0),(7,10262,'RATTC',8,1018,'1996-07-22 00:00:00','1996-07-25 00:00:00',24.0000,15,0,15,0),(7,11010,'REGGC',2,1644,'1998-04-09 00:00:00','1998-04-21 00:00:00',30.0000,15,0,20,0),(7,10908,'REGGC',4,1602,'1998-02-26 00:00:00','1998-03-06 00:00:00',30.0000,15,0,20,0),(7,10909,'SANTG',1,1602,'1998-02-26 00:00:00','1998-03-10 00:00:00',30.0000,15,0,12,0),(7,10607,'SAVEA',5,1383,'1997-07-22 00:00:00','1997-07-25 00:00:00',30.0000,15,0,45,0),(7,10385,'SPLIR',1,1166,'1996-12-17 00:00:00','1996-12-23 00:00:00',24.0000,15,0,10,0),(7,10591,'VAFFE',1,1368,'1997-07-07 00:00:00','1997-07-16 00:00:00',30.0000,15,0,10,0),(7,10546,'VICTE',1,1323,'1997-05-23 00:00:00','1997-05-27 00:00:00',30.0000,15,0,10,0),(7,10459,'VICTE',4,1238,'1997-02-27 00:00:00','1997-02-28 00:00:00',24.0000,15,0,16,0),(8,10511,'BONAP',4,1288,'1997-04-18 00:00:00','1997-04-21 00:00:00',40.0000,6,0,10,0),(8,10975,'BOTTM',1,1629,'1998-03-25 00:00:00','1998-03-27 00:00:00',40.0000,6,0,16,0),(8,10709,'GOURL',1,1470,'1997-10-17 00:00:00','1997-11-20 00:00:00',40.0000,6,0,40,0),(8,10829,'ISLAT',9,1558,'1998-01-13 00:00:00','1998-01-23 00:00:00',40.0000,6,0,20,0),(8,10893,'KOENE',9,1594,'1998-02-18 00:00:00','1998-02-20 00:00:00',40.0000,6,0,30,0),(8,10522,'LEHMS',4,1300,'1997-04-30 00:00:00','1997-05-06 00:00:00',40.0000,6,0,24,0),(8,10978,'MAISD',9,1630,'1998-03-26 00:00:00','1998-04-23 00:00:00',40.0000,6,0,20,0),(8,11007,'PRINI',8,1643,'1998-04-08 00:00:00','1998-04-13 00:00:00',40.0000,6,0,30,0),(8,10786,'QUEEN',8,1533,'1997-12-19 00:00:00','1997-12-23 00:00:00',40.0000,6,0,30,0),(8,10345,'QUICK',2,1123,'1996-11-04 00:00:00','1996-11-11 00:00:00',32.0000,6,0,70,0),(8,10344,'WHITC',4,1120,'1996-11-01 00:00:00','1996-11-05 00:00:00',32.0000,6,0,70,0),(8,10695,'WILMK',7,1460,'1997-10-07 00:00:00','1997-10-14 00:00:00',40.0000,6,0,10,0),(9,10848,'CONSH',7,1568,'1998-01-23 00:00:00','1998-01-29 00:00:00',97.0000,29,0,3,0),(9,10687,'HUNGO',9,1453,'1997-09-30 00:00:00','1997-10-30 00:00:00',97.0000,29,0,50,0),(9,10515,'QUICK',2,1293,'1997-04-23 00:00:00','1997-05-23 00:00:00',97.0000,29,0,16,0),(9,10420,'WELLI',3,1201,'1997-01-21 00:00:00','1997-01-27 00:00:00',77.6000,29,0,20,0),(9,10693,'WHITC',3,1459,'1997-10-06 00:00:00','1997-10-10 00:00:00',97.0000,29,0,6,0),(10,10524,'BERGS',1,1301,'1997-05-01 00:00:00','1997-05-07 00:00:00',31.0000,31,0,2,0),(10,10924,'BERGS',3,1608,'1998-03-04 00:00:00','1998-04-08 00:00:00',31.0000,31,0,20,0),(10,10449,'BLONP',3,1229,'1997-02-18 00:00:00','1997-02-27 00:00:00',24.8000,31,0,14,0),(10,10827,'BONAP',1,1557,'1998-01-12 00:00:00','1998-02-06 00:00:00',31.0000,31,0,15,0),(10,10715,'BONAP',3,1476,'1997-10-23 00:00:00','1997-10-29 00:00:00',31.0000,31,0,21,0),(10,10949,'BOTTM',2,1617,'1998-03-13 00:00:00','1998-03-17 00:00:00',31.0000,31,0,30,0),(10,10389,'BOTTM',4,1169,'1996-12-20 00:00:00','1996-12-24 00:00:00',24.8000,31,0,16,0),(10,10519,'CHOPS',6,1298,'1997-04-28 00:00:00','1997-05-01 00:00:00',31.0000,31,0,16,0),(10,10609,'DUMON',7,1385,'1997-07-24 00:00:00','1997-07-30 00:00:00',31.0000,31,0,10,0),(10,10854,'ERNSH',3,1572,'1998-01-27 00:00:00','1998-02-05 00:00:00',31.0000,31,0,100,0),(10,10664,'FURIB',1,1433,'1997-09-10 00:00:00','1997-09-19 00:00:00',31.0000,31,0,24,0),(10,10568,'GALED',3,1344,'1997-06-13 00:00:00','1997-07-09 00:00:00',31.0000,31,0,5,0),(10,10874,'GODOS',5,1582,'1998-02-06 00:00:00','1998-02-11 00:00:00',31.0000,31,0,10,0),(10,10685,'GOURL',4,1452,'1997-09-29 00:00:00','1997-10-03 00:00:00',31.0000,31,0,20,0),(10,10785,'GROSR',1,1532,'1997-12-18 00:00:00','1997-12-24 00:00:00',31.0000,31,0,10,0),(10,10886,'HANAR',1,1589,'1998-02-13 00:00:00','1998-03-02 00:00:00',31.0000,31,0,70,0),(10,10646,'HUNGO',9,1419,'1997-08-27 00:00:00','1997-09-03 00:00:00',31.0000,31,0,18,0),(10,10357,'LILAS',1,1138,'1996-11-19 00:00:00','1996-12-02 00:00:00',24.8000,31,0,30,0),(10,10724,'MEREP',8,1483,'1997-10-30 00:00:00','1997-11-05 00:00:00',31.0000,31,0,16,0),(10,11020,'OTTIK',2,1649,'1998-04-14 00:00:00','1998-04-16 00:00:00',31.0000,31,0,24,0),(10,10273,'QUICK',3,1032,'1996-08-05 00:00:00','1996-08-12 00:00:00',24.8000,31,0,24,0),(10,10612,'SAVEA',1,1389,'1997-07-28 00:00:00','1997-08-01 00:00:00',31.0000,31,0,70,0),(10,10713,'SAVEA',1,1475,'1997-10-22 00:00:00','1997-10-24 00:00:00',31.0000,31,0,18,0),(10,10804,'SEVES',6,1544,'1997-12-30 00:00:00','1998-01-07 00:00:00',31.0000,31,0,36,0),(10,10841,'SUPRD',5,1565,'1998-01-20 00:00:00','1998-01-29 00:00:00',31.0000,31,0,16,0),(10,10775,'THECR',7,1526,'1997-12-12 00:00:00','1997-12-26 00:00:00',31.0000,31,0,6,0),(10,10676,'TORTU',2,1445,'1997-09-22 00:00:00','1997-09-29 00:00:00',31.0000,31,0,2,0),(10,10276,'TORTU',8,1035,'1996-08-08 00:00:00','1996-08-14 00:00:00',24.8000,31,0,15,0),(10,10946,'VAFFE',1,1616,'1998-03-12 00:00:00','1998-03-19 00:00:00',31.0000,31,0,25,0),(10,10688,'VAFFE',4,1454,'1997-10-01 00:00:00','1997-10-07 00:00:00',31.0000,31,0,18,0),(10,10478,'VICTE',2,1257,'1997-03-18 00:00:00','1997-03-26 00:00:00',24.8000,31,0,20,0),(10,10450,'VICTE',8,1230,'1997-02-19 00:00:00','1997-03-11 00:00:00',24.8000,31,0,20,0),(11,10926,'ANATR',4,1608,'1998-03-04 00:00:00','1998-03-11 00:00:00',21.0000,22,30,2,0),(11,10365,'ANTON',3,1146,'1996-11-27 00:00:00','1996-12-02 00:00:00',16.8000,22,30,24,0),(11,10535,'ANTON',4,1313,'1997-05-13 00:00:00','1997-05-21 00:00:00',21.0000,22,30,50,0),(11,10614,'BLAUS',8,1390,'1997-07-29 00:00:00','1997-08-01 00:00:00',21.0000,22,30,14,0),(11,10566,'BLONP',9,1343,'1997-06-12 00:00:00','1997-06-18 00:00:00',21.0000,22,30,35,0),(11,10944,'BOTTM',6,1616,'1998-03-12 00:00:00','1998-03-13 00:00:00',21.0000,22,30,5,0),(11,10466,'COMMI',4,1245,'1997-03-06 00:00:00','1997-03-13 00:00:00',16.8000,22,30,10,0),(11,10797,'DRACD',7,1539,'1997-12-25 00:00:00','1998-01-05 00:00:00',21.0000,22,30,20,0),(11,10726,'EASTC',4,1487,'1997-11-03 00:00:00','1997-12-05 00:00:00',21.0000,22,30,5,0),(11,10442,'ERNSH',3,1222,'1997-02-11 00:00:00','1997-02-18 00:00:00',16.8000,22,30,30,0),(11,10698,'ERNSH',4,1462,'1997-10-09 00:00:00','1997-10-17 00:00:00',21.0000,22,30,15,0),(11,10327,'FOLKO',2,1099,'1996-10-11 00:00:00','1996-10-14 00:00:00',16.8000,22,30,50,0),(11,10434,'FOLKO',3,1214,'1997-02-03 00:00:00','1997-02-13 00:00:00',16.8000,22,30,6,0),(11,10528,'GREAL',6,1306,'1997-05-06 00:00:00','1997-05-09 00:00:00',21.0000,22,30,3,0),(11,10770,'HANAR',8,1523,'1997-12-09 00:00:00','1997-12-17 00:00:00',21.0000,22,30,15,0),(11,10486,'HILAA',1,1265,'1997-03-26 00:00:00','1997-04-02 00:00:00',16.8000,22,30,5,0),(11,10912,'HUNGO',2,1602,'1998-02-26 00:00:00','1998-03-18 00:00:00',21.0000,22,30,40,0),(11,10542,'KOENE',1,1320,'1997-05-20 00:00:00','1997-05-26 00:00:00',21.0000,22,30,15,0),(11,10545,'LAZYK',8,1322,'1997-05-22 00:00:00','1997-06-26 00:00:00',21.0000,22,30,10,0),(11,10862,'LEHMS',8,1575,'1998-01-30 00:00:00','1998-02-02 00:00:00',21.0000,22,30,25,0),(11,10823,'LILAS',5,1554,'1998-01-09 00:00:00','1998-01-13 00:00:00',21.0000,22,30,20,0),(11,10296,'LILAS',6,1061,'1996-09-03 00:00:00','1996-09-11 00:00:00',16.8000,22,30,12,0),(11,10570,'MEREP',3,1348,'1997-06-17 00:00:00','1997-06-19 00:00:00',21.0000,22,30,15,0),(11,10986,'OCEAN',8,1634,'1998-03-30 00:00:00','1998-04-21 00:00:00',21.0000,22,30,30,0),(11,10407,'OTTIK',2,1187,'1997-01-07 00:00:00','1997-01-30 00:00:00',16.8000,22,30,30,0),(11,11073,'PERIC',2,1670,'1998-05-05 00:00:00',NULL,21.0000,22,30,10,0),(11,10489,'PICCO',6,1267,'1997-03-28 00:00:00','1997-04-09 00:00:00',16.8000,22,30,15,0),(11,10353,'PICCO',7,1132,'1996-11-13 00:00:00','1996-11-25 00:00:00',16.8000,22,30,12,0),(11,10989,'QUEDE',2,1635,'1998-03-31 00:00:00','1998-04-02 00:00:00',21.0000,22,30,15,0),(11,10637,'QUEEN',6,1411,'1997-08-19 00:00:00','1997-08-26 00:00:00',21.0000,22,30,10,0),(11,10889,'RATTC',9,1592,'1998-02-16 00:00:00','1998-02-23 00:00:00',21.0000,22,30,40,0),(11,10443,'REGGC',8,1223,'1997-02-12 00:00:00','1997-02-14 00:00:00',16.8000,22,30,6,0),(11,10800,'SEVES',1,1540,'1997-12-26 00:00:00','1998-01-05 00:00:00',21.0000,22,30,50,0),(11,10869,'SEVES',5,1580,'1998-02-04 00:00:00','1998-02-09 00:00:00',21.0000,22,30,10,0),(11,11043,'SPECD',5,1657,'1998-04-22 00:00:00','1998-04-29 00:00:00',21.0000,22,30,10,0),(11,10842,'TORTU',1,1565,'1998-01-20 00:00:00','1998-01-29 00:00:00',21.0000,22,30,15,0),(11,10248,'VINET',5,1000,'1996-07-04 00:00:00','1996-07-16 00:00:00',14.0000,22,30,12,0),(11,10553,'WARTH',2,1330,'1997-05-30 00:00:00','1997-06-03 00:00:00',21.0000,22,30,15,0),(12,10968,'ERNSH',1,1627,'1998-03-23 00:00:00','1998-04-01 00:00:00',38.0000,86,0,30,0),(12,10633,'ERNSH',7,1407,'1997-08-15 00:00:00','1997-08-18 00:00:00',38.0000,86,0,36,0),(12,10979,'ERNSH',8,1630,'1998-03-26 00:00:00','1998-03-31 00:00:00',38.0000,86,0,20,0),(12,11049,'GOURL',3,1659,'1998-04-24 00:00:00','1998-05-04 00:00:00',38.0000,86,0,4,0),(12,10718,'KOENE',1,1480,'1997-10-27 00:00:00','1997-10-29 00:00:00',38.0000,86,0,36,0),(12,10536,'LEHMS',3,1314,'1997-05-14 00:00:00','1997-06-06 00:00:00',38.0000,86,0,15,0),(12,10543,'LILAS',8,1321,'1997-05-21 00:00:00','1997-05-23 00:00:00',38.0000,86,0,30,0),(12,11018,'LONEP',4,1648,'1998-04-13 00:00:00','1998-04-16 00:00:00',38.0000,86,0,20,0),(12,10439,'MEREP',6,1218,'1997-02-07 00:00:00','1997-02-10 00:00:00',30.4000,86,0,15,0),(12,10678,'SAVEA',7,1446,'1997-09-23 00:00:00','1997-10-16 00:00:00',38.0000,86,0,100,0),(12,11046,'WANDK',8,1658,'1998-04-23 00:00:00','1998-04-24 00:00:00',38.0000,86,0,20,0),(12,10266,'WARTH',3,1022,'1996-07-26 00:00:00','1996-07-31 00:00:00',30.4000,86,0,12,0),(12,10695,'WILMK',7,1460,'1997-10-07 00:00:00','1997-10-14 00:00:00',38.0000,86,0,4,0),(13,10926,'ANATR',4,1608,'1998-03-04 00:00:00','1998-03-11 00:00:00',6.0000,24,0,10,0),(13,10383,'AROUT',8,1165,'1996-12-16 00:00:00','1996-12-18 00:00:00',4.8000,24,0,20,0),(13,10837,'BERGS',9,1561,'1998-01-16 00:00:00','1998-01-23 00:00:00',6.0000,24,0,6,0),(13,10940,'BONAP',8,1615,'1998-03-11 00:00:00','1998-03-23 00:00:00',6.0000,24,0,20,0),(13,10943,'BSBEV',4,1615,'1998-03-11 00:00:00','1998-03-19 00:00:00',6.0000,24,0,15,0),(13,10539,'BSBEV',6,1316,'1997-05-16 00:00:00','1997-05-23 00:00:00',6.0000,24,0,8,0),(13,10746,'CHOPS',1,1503,'1997-11-19 00:00:00','1997-11-21 00:00:00',6.0000,24,0,6,0),(13,10462,'CONSH',2,1242,'1997-03-03 00:00:00','1997-03-18 00:00:00',4.8000,24,0,1,0),(13,10391,'DRACD',3,1172,'1996-12-23 00:00:00','1996-12-31 00:00:00',4.8000,24,0,18,0),(13,11036,'DRACD',8,1655,'1998-04-20 00:00:00','1998-04-22 00:00:00',6.0000,24,0,7,0),(13,10854,'ERNSH',3,1572,'1998-01-27 00:00:00','1998-02-05 00:00:00',6.0000,24,0,65,0),(13,10633,'ERNSH',7,1407,'1997-08-15 00:00:00','1997-08-18 00:00:00',6.0000,24,0,13,0),(13,10903,'HANAR',3,1600,'1998-02-24 00:00:00','1998-03-04 00:00:00',6.0000,24,0,40,0),(13,10613,'HILAA',4,1390,'1997-07-29 00:00:00','1997-08-01 00:00:00',6.0000,24,0,8,0),(13,10601,'HILAA',7,1377,'1997-07-16 00:00:00','1997-07-22 00:00:00',6.0000,24,0,60,0),(13,10394,'HUNGC',1,1174,'1996-12-25 00:00:00','1997-01-03 00:00:00',4.8000,24,0,10,0),(13,10829,'ISLAT',9,1558,'1998-01-13 00:00:00','1998-01-23 00:00:00',6.0000,24,0,10,0),(13,10325,'KOENE',1,1097,'1996-10-09 00:00:00','1996-10-14 00:00:00',4.8000,24,0,12,0),(13,10799,'KOENE',9,1540,'1997-12-26 00:00:00','1998-01-05 00:00:00',6.0000,24,0,20,0),(13,10832,'LAMAI',2,1559,'1998-01-14 00:00:00','1998-01-19 00:00:00',6.0000,24,0,3,0),(13,10810,'LAUGB',2,1546,'1998-01-01 00:00:00','1998-01-07 00:00:00',6.0000,24,0,7,0),(13,11071,'LILAS',1,1670,'1998-05-05 00:00:00',NULL,6.0000,24,0,10,0),(13,10945,'MORGK',4,1616,'1998-03-12 00:00:00','1998-03-18 00:00:00',6.0000,24,0,20,0),(13,10898,'OCEAN',4,1596,'1998-02-20 00:00:00','1998-03-06 00:00:00',6.0000,24,0,5,0),(13,10508,'OTTIK',1,1286,'1997-04-16 00:00:00','1997-05-13 00:00:00',6.0000,24,0,10,0),(13,10291,'QUEDE',6,1054,'1996-08-27 00:00:00','1996-09-04 00:00:00',4.8000,24,0,20,0),(13,10938,'QUICK',3,1614,'1998-03-10 00:00:00','1998-03-16 00:00:00',6.0000,24,0,20,0),(13,10962,'QUICK',8,1623,'1998-03-19 00:00:00','1998-03-23 00:00:00',6.0000,24,0,77,0),(13,11059,'RICAR',2,1664,'1998-04-29 00:00:00',NULL,6.0000,24,0,30,0),(13,10931,'RICSU',4,1610,'1998-03-06 00:00:00','1998-03-19 00:00:00',6.0000,24,0,42,0),(13,10894,'SAVEA',1,1594,'1998-02-18 00:00:00','1998-02-20 00:00:00',6.0000,24,0,28,0),(13,10983,'SAVEA',2,1631,'1998-03-27 00:00:00','1998-04-06 00:00:00',6.0000,24,0,84,0),(13,11002,'SAVEA',4,1641,'1998-04-06 00:00:00','1998-04-16 00:00:00',6.0000,24,0,56,0),(13,11031,'SAVEA',6,1652,'1998-04-17 00:00:00','1998-04-24 00:00:00',6.0000,24,0,80,0),(13,10276,'TORTU',8,1035,'1996-08-08 00:00:00','1996-08-14 00:00:00',4.8000,24,0,10,0),(13,10737,'VINET',2,1495,'1997-11-11 00:00:00','1997-11-18 00:00:00',6.0000,24,0,4,0),(13,10526,'WARTH',4,1305,'1997-05-05 00:00:00','1997-05-15 00:00:00',6.0000,24,0,10,0),(13,11025,'WARTH',6,1650,'1998-04-15 00:00:00','1998-04-24 00:00:00',6.0000,24,0,20,0),(13,10420,'WELLI',3,1201,'1997-01-21 00:00:00','1997-01-27 00:00:00',4.8000,24,0,2,0),(14,10625,'ANATR',3,1400,'1997-08-08 00:00:00','1997-08-14 00:00:00',23.2500,35,0,3,0),(14,10733,'BERGS',1,1491,'1997-11-07 00:00:00','1997-11-10 00:00:00',23.2500,35,0,16,0),(14,10571,'ERNSH',8,1348,'1997-06-17 00:00:00','1997-07-04 00:00:00',23.2500,35,0,11,0),(14,10675,'FRANK',5,1442,'1997-09-19 00:00:00','1997-09-23 00:00:00',23.2500,35,0,30,0),(14,10623,'FRANK',8,1399,'1997-08-07 00:00:00','1997-08-12 00:00:00',23.2500,35,0,21,0),(14,10656,'GREAL',6,1427,'1997-09-04 00:00:00','1997-09-10 00:00:00',23.2500,35,0,3,0),(14,10375,'HUNGC',3,1155,'1996-12-06 00:00:00','1996-12-09 00:00:00',18.6000,35,0,15,0),(14,10503,'HUNGO',6,1281,'1997-04-11 00:00:00','1997-04-16 00:00:00',23.2500,35,0,70,0),(14,10325,'KOENE',1,1097,'1996-10-09 00:00:00','1996-10-14 00:00:00',18.6000,35,0,9,0),(14,10409,'OCEAN',3,1189,'1997-01-09 00:00:00','1997-01-14 00:00:00',18.6000,35,0,12,0),(14,10580,'OTTIK',4,1357,'1997-06-26 00:00:00','1997-07-01 00:00:00',23.2500,35,0,15,0),(14,10474,'PERIC',5,1252,'1997-03-13 00:00:00','1997-03-21 00:00:00',18.6000,35,0,12,0),(14,10427,'PICCO',4,1207,'1997-01-27 00:00:00','1997-03-03 00:00:00',18.6000,35,0,35,0),(14,10794,'QUEDE',6,1538,'1997-12-24 00:00:00','1998-01-02 00:00:00',23.2500,35,0,15,0),(14,10393,'SAVEA',1,1174,'1996-12-25 00:00:00','1997-01-03 00:00:00',18.6000,35,0,42,0),(14,10555,'SAVEA',6,1333,'1997-06-02 00:00:00','1997-06-04 00:00:00',23.2500,35,0,30,0),(14,10249,'TOMSP',6,1001,'1996-07-05 00:00:00','1996-07-10 00:00:00',18.6000,35,0,9,0),(14,10333,'WARTH',5,1106,'1996-10-18 00:00:00','1996-10-25 00:00:00',18.6000,35,0,10,0),(14,10412,'WARTH',8,1193,'1997-01-13 00:00:00','1997-01-15 00:00:00',18.6000,35,0,20,0),(14,10750,'WARTH',9,1505,'1997-11-21 00:00:00','1997-11-24 00:00:00',23.2500,35,0,5,0),(15,10323,'KOENE',4,1095,'1996-10-07 00:00:00','1996-10-14 00:00:00',12.4000,39,0,5,0),(15,10500,'LAMAI',6,1279,'1997-04-09 00:00:00','1997-04-17 00:00:00',15.5000,39,0,12,0),(15,10592,'LEHMS',3,1369,'1997-07-08 00:00:00','1997-07-16 00:00:00',15.5000,39,0,25,0),(15,10579,'LETSS',1,1356,'1997-06-25 00:00:00','1997-07-04 00:00:00',15.5000,39,0,10,0),(15,10283,'LILAS',3,1043,'1996-08-16 00:00:00','1996-08-23 00:00:00',12.4000,39,0,20,0),(15,10657,'SAVEA',2,1427,'1997-09-04 00:00:00','1997-09-15 00:00:00',15.5000,39,0,50,0),(16,10572,'BERGS',3,1349,'1997-06-18 00:00:00','1997-06-25 00:00:00',17.4500,29,0,12,0),(16,10730,'BONAP',5,1489,'1997-11-05 00:00:00','1997-11-14 00:00:00',17.4500,29,0,15,0),(16,10932,'BONAP',8,1610,'1998-03-06 00:00:00','1998-03-24 00:00:00',17.4500,29,0,30,0),(16,10871,'BONAP',9,1581,'1998-02-05 00:00:00','1998-02-10 00:00:00',17.4500,29,0,12,0),(16,10403,'ERNSH',4,1183,'1997-01-03 00:00:00','1997-01-09 00:00:00',13.9000,29,0,21,0),(16,10795,'ERNSH',8,1538,'1997-12-24 00:00:00','1998-01-20 00:00:00',17.4500,29,0,65,0),(16,10263,'ERNSH',9,1019,'1996-07-23 00:00:00','1996-07-31 00:00:00',13.9000,29,0,60,0),(16,10653,'FRANK',1,1425,'1997-09-02 00:00:00','1997-09-19 00:00:00',17.4500,29,0,30,0),(16,10671,'FRANR',1,1440,'1997-09-17 00:00:00','1997-09-24 00:00:00',17.4500,29,0,10,0),(16,10551,'FURIB',4,1328,'1997-05-28 00:00:00','1997-06-06 00:00:00',17.4500,29,0,40,0),(16,10985,'HUNGO',2,1634,'1998-03-30 00:00:00','1998-04-02 00:00:00',17.4500,29,0,36,0),(16,10718,'KOENE',1,1480,'1997-10-27 00:00:00','1997-10-29 00:00:00',17.4500,29,0,20,0),(16,10454,'LAMAI',4,1232,'1997-02-21 00:00:00','1997-02-25 00:00:00',13.9000,29,0,20,0),(16,11070,'LEHMS',2,1670,'1998-05-05 00:00:00',NULL,17.4500,29,0,30,0),(16,10296,'LILAS',6,1061,'1996-09-03 00:00:00','1996-09-11 00:00:00',13.9000,29,0,30,0),(16,10919,'LINOD',2,1606,'1998-03-02 00:00:00','1998-03-04 00:00:00',17.4500,29,0,24,0),(16,10954,'LINOD',5,1621,'1998-03-17 00:00:00','1998-03-20 00:00:00',17.4500,29,0,28,0),(16,10605,'MEREP',1,1382,'1997-07-21 00:00:00','1997-07-29 00:00:00',17.4500,29,0,30,0),(16,10439,'MEREP',6,1218,'1997-02-07 00:00:00','1997-02-10 00:00:00',13.9000,29,0,16,0),(16,10779,'MORGK',3,1530,'1997-12-16 00:00:00','1998-01-14 00:00:00',17.4500,29,0,20,0),(16,10680,'OLDWO',1,1447,'1997-09-24 00:00:00','1997-09-26 00:00:00',17.4500,29,0,50,0),(16,10855,'OLDWO',3,1572,'1998-01-27 00:00:00','1998-02-04 00:00:00',17.4500,29,0,50,0),(16,10706,'OLDWO',8,1469,'1997-10-16 00:00:00','1997-10-21 00:00:00',17.4500,29,0,20,0),(16,10554,'OTTIK',4,1330,'1997-05-30 00:00:00','1997-06-05 00:00:00',17.4500,29,0,30,0),(16,10489,'PICCO',6,1267,'1997-03-28 00:00:00','1997-04-09 00:00:00',13.9000,29,0,18,0),(16,10515,'QUICK',2,1293,'1997-04-23 00:00:00','1997-05-23 00:00:00',17.4500,29,0,50,0),(16,10916,'RANCH',1,1603,'1998-02-27 00:00:00','1998-03-09 00:00:00',17.4500,29,0,6,0),(16,10877,'RICAR',1,1585,'1998-02-09 00:00:00','1998-02-19 00:00:00',17.4500,29,0,30,0),(16,10287,'RICAR',8,1049,'1996-08-22 00:00:00','1996-08-28 00:00:00',13.9000,29,0,40,0),(16,10255,'RICSU',9,1008,'1996-07-12 00:00:00','1996-07-15 00:00:00',13.9000,29,0,35,0),(16,10909,'SANTG',1,1602,'1998-02-26 00:00:00','1998-03-10 00:00:00',17.4500,29,0,15,0),(16,10984,'SAVEA',1,1634,'1998-03-30 00:00:00','1998-04-03 00:00:00',17.4500,29,0,55,0),(16,10440,'SAVEA',4,1221,'1997-02-10 00:00:00','1997-02-28 00:00:00',13.9000,29,0,49,0),(16,10324,'SAVEA',9,1096,'1996-10-08 00:00:00','1996-10-10 00:00:00',13.9000,29,0,21,0),(16,10359,'SEVES',5,1140,'1996-11-21 00:00:00','1996-11-26 00:00:00',13.9000,29,0,56,0),(16,10738,'SPECD',2,1496,'1997-11-12 00:00:00','1997-11-18 00:00:00',17.4500,29,0,3,0),(16,10310,'THEBI',8,1078,'1996-09-20 00:00:00','1996-09-27 00:00:00',13.9000,29,0,10,0),(16,10553,'WARTH',2,1330,'1997-05-30 00:00:00','1997-06-03 00:00:00',17.4500,29,0,14,0),(16,10469,'WHITC',1,1249,'1997-03-10 00:00:00','1997-03-14 00:00:00',13.9000,29,0,35,0),(16,11066,'WHITC',7,1666,'1998-05-01 00:00:00','1998-05-04 00:00:00',17.4500,29,0,3,0),(16,10673,'WILMK',2,1441,'1997-09-18 00:00:00','1997-09-19 00:00:00',17.4500,29,0,3,0),(17,10573,'ANTON',7,1350,'1997-06-19 00:00:00','1997-06-20 00:00:00',39.0000,0,0,18,0),(17,10444,'BERGS',3,1223,'1997-02-12 00:00:00','1997-02-21 00:00:00',31.2000,0,0,10,0),(17,10265,'BLONP',2,1021,'1996-07-25 00:00:00','1996-08-12 00:00:00',31.2000,0,0,30,0),(17,10801,'BOLID',4,1543,'1997-12-29 00:00:00','1997-12-31 00:00:00',39.0000,0,0,40,0),(17,10871,'BONAP',9,1581,'1998-02-05 00:00:00','1998-02-10 00:00:00',39.0000,0,0,16,0),(17,10949,'BOTTM',2,1617,'1998-03-13 00:00:00','1998-03-17 00:00:00',39.0000,0,0,6,0),(17,10431,'BOTTM',4,1210,'1997-01-30 00:00:00','1997-02-07 00:00:00',31.2000,0,0,50,0),(17,10890,'DUMON',7,1592,'1998-02-16 00:00:00','1998-02-18 00:00:00',39.0000,0,0,15,0),(17,10773,'ERNSH',1,1525,'1997-12-11 00:00:00','1997-12-16 00:00:00',39.0000,0,0,33,0),(17,10430,'ERNSH',4,1210,'1997-01-30 00:00:00','1997-02-03 00:00:00',31.2000,0,0,45,0),(17,10698,'ERNSH',4,1462,'1997-10-09 00:00:00','1997-10-17 00:00:00',39.0000,0,0,8,0),(17,10795,'ERNSH',8,1538,'1997-12-24 00:00:00','1998-01-20 00:00:00',39.0000,0,0,35,0),(17,10911,'GODOS',3,1602,'1998-02-26 00:00:00','1998-03-05 00:00:00',39.0000,0,0,12,0),(17,10550,'GODOS',7,1328,'1997-05-28 00:00:00','1997-06-06 00:00:00',39.0000,0,0,8,0),(17,10922,'HANAR',5,1607,'1998-03-03 00:00:00','1998-03-05 00:00:00',39.0000,0,0,15,0),(17,10415,'HUNGC',3,1195,'1997-01-15 00:00:00','1997-01-24 00:00:00',31.2000,0,0,2,0),(17,10972,'LACOR',4,1628,'1998-03-24 00:00:00','1998-03-26 00:00:00',39.0000,0,0,6,0),(17,10279,'LEHMS',8,1040,'1996-08-13 00:00:00','1996-08-16 00:00:00',31.2000,0,0,15,0),(17,10339,'MEREP',2,1116,'1996-10-28 00:00:00','1996-11-04 00:00:00',31.2000,0,0,70,0),(17,10338,'OLDWO',4,1113,'1996-10-25 00:00:00','1996-10-29 00:00:00',31.2000,0,0,20,0),(17,10686,'PICCO',2,1453,'1997-09-30 00:00:00','1997-10-08 00:00:00',39.0000,0,0,30,0),(17,10530,'PICCO',3,1308,'1997-05-08 00:00:00','1997-05-12 00:00:00',39.0000,0,0,40,0),(17,10346,'RATTC',3,1124,'1996-11-05 00:00:00','1996-11-08 00:00:00',31.2000,0,0,36,0),(17,10294,'RATTC',4,1057,'1996-08-30 00:00:00','1996-09-05 00:00:00',31.2000,0,0,15,0),(17,10564,'RATTC',4,1341,'1997-06-10 00:00:00','1997-06-16 00:00:00',39.0000,0,0,16,0),(17,10852,'RATTC',8,1571,'1998-01-26 00:00:00','1998-01-30 00:00:00',39.0000,0,0,6,0),(17,10727,'REGGC',2,1487,'1997-11-03 00:00:00','1997-12-05 00:00:00',39.0000,0,0,20,0),(17,11059,'RICAR',2,1664,'1998-04-29 00:00:00',NULL,39.0000,0,0,12,0),(17,11064,'SAVEA',1,1666,'1998-05-01 00:00:00','1998-05-04 00:00:00',39.0000,0,0,77,0),(17,10607,'SAVEA',5,1383,'1997-07-22 00:00:00','1997-07-25 00:00:00',39.0000,0,0,100,0),(17,10714,'SAVEA',5,1475,'1997-10-22 00:00:00','1997-10-27 00:00:00',39.0000,0,0,27,0),(17,10523,'SEVES',7,1301,'1997-05-01 00:00:00','1997-05-30 00:00:00',39.0000,0,0,25,0),(17,10302,'SUPRD',4,1068,'1996-09-10 00:00:00','1996-10-09 00:00:00',31.2000,0,0,40,0),(17,10915,'TORTU',2,1603,'1998-02-27 00:00:00','1998-03-02 00:00:00',39.0000,0,0,10,0),(17,10319,'TORTU',7,1090,'1996-10-02 00:00:00','1996-10-11 00:00:00',31.2000,0,0,8,0),(17,10861,'WHITC',4,1575,'1998-01-30 00:00:00','1998-02-17 00:00:00',39.0000,0,0,42,0),(17,10696,'WHITC',8,1461,'1997-10-08 00:00:00','1997-10-14 00:00:00',39.0000,0,0,20,0),(18,10853,'BLAUS',9,1572,'1998-01-27 00:00:00','1998-02-03 00:00:00',62.5000,42,0,10,0),(18,10566,'BLONP',9,1343,'1997-06-12 00:00:00','1997-06-18 00:00:00',62.5000,42,0,18,0),(18,10340,'BONAP',1,1117,'1996-10-29 00:00:00','1996-11-08 00:00:00',50.0000,42,0,20,0),(18,10470,'BONAP',4,1250,'1997-03-11 00:00:00','1997-03-14 00:00:00',50.0000,42,0,30,0),(18,10382,'ERNSH',4,1162,'1996-12-13 00:00:00','1996-12-16 00:00:00',50.0000,42,0,9,0),(18,10789,'FOLIG',1,1536,'1997-12-22 00:00:00','1997-12-31 00:00:00',62.5000,42,0,30,0),(18,10634,'FOLIG',4,1407,'1997-08-15 00:00:00','1997-08-21 00:00:00',62.5000,42,0,50,0),(18,11026,'FRANS',4,1650,'1998-04-15 00:00:00','1998-04-28 00:00:00',62.5000,42,0,8,0),(18,10645,'HANAR',4,1418,'1997-08-26 00:00:00','1997-09-02 00:00:00',62.5000,42,0,20,0),(18,10516,'HUNGO',2,1294,'1997-04-24 00:00:00','1997-05-01 00:00:00',62.5000,42,0,25,0),(18,10985,'HUNGO',2,1634,'1998-03-30 00:00:00','1998-04-02 00:00:00',62.5000,42,0,8,0),(18,10719,'LETSS',8,1480,'1997-10-27 00:00:00','1997-11-05 00:00:00',62.5000,42,0,12,0),(18,10838,'LINOD',3,1564,'1998-01-19 00:00:00','1998-01-23 00:00:00',62.5000,42,0,25,0),(18,11018,'LONEP',4,1648,'1998-04-13 00:00:00','1998-04-16 00:00:00',62.5000,42,0,10,0),(18,10332,'MEREP',3,1105,'1996-10-17 00:00:00','1996-10-21 00:00:00',50.0000,42,0,40,0),(18,10305,'OLDWO',8,1071,'1996-09-13 00:00:00','1996-10-09 00:00:00',50.0000,42,0,25,0),(18,11053,'PICCO',2,1662,'1998-04-27 00:00:00','1998-04-29 00:00:00',62.5000,42,0,35,0),(18,10588,'QUICK',2,1364,'1997-07-03 00:00:00','1997-07-10 00:00:00',62.5000,42,0,40,0),(18,10745,'QUICK',9,1502,'1997-11-18 00:00:00','1997-11-27 00:00:00',62.5000,42,0,24,0),(18,10877,'RICAR',1,1585,'1998-02-09 00:00:00','1998-02-19 00:00:00',62.5000,42,0,25,0),(18,10639,'SANTG',7,1412,'1997-08-20 00:00:00','1997-08-27 00:00:00',62.5000,42,0,8,0),(18,10964,'SPECD',3,1624,'1998-03-20 00:00:00','1998-03-24 00:00:00',62.5000,42,0,6,0),(18,10756,'SPLIR',8,1511,'1997-11-27 00:00:00','1997-12-02 00:00:00',62.5000,42,0,21,0),(18,10293,'TORTU',1,1056,'1996-08-29 00:00:00','1996-09-11 00:00:00',50.0000,42,0,12,0),(18,10644,'WELLI',3,1417,'1997-08-25 00:00:00','1997-09-01 00:00:00',62.5000,42,0,4,0),(18,10935,'WELLI',4,1613,'1998-03-09 00:00:00','1998-03-18 00:00:00',62.5000,42,0,4,0),(18,10861,'WHITC',4,1575,'1998-01-30 00:00:00','1998-02-17 00:00:00',62.5000,42,0,20,0),(19,10926,'ANATR',4,1608,'1998-03-04 00:00:00','1998-03-11 00:00:00',9.2000,25,0,7,0),(19,10875,'BERGS',4,1582,'1998-02-06 00:00:00','1998-03-03 00:00:00',9.2000,25,0,25,0),(19,10414,'FAMIA',2,1194,'1997-01-14 00:00:00','1997-01-17 00:00:00',7.3000,25,0,18,0),(19,11012,'FRANK',1,1644,'1998-04-09 00:00:00','1998-04-17 00:00:00',9.2000,25,0,50,0),(19,10623,'FRANK',8,1399,'1997-08-07 00:00:00','1997-08-12 00:00:00',9.2000,25,0,15,0),(19,10710,'FRANS',1,1473,'1997-10-20 00:00:00','1997-10-23 00:00:00',9.2000,25,0,5,0),(19,10550,'GODOS',7,1328,'1997-05-28 00:00:00','1997-06-06 00:00:00',9.2000,25,0,10,0),(19,10681,'GREAL',3,1448,'1997-09-25 00:00:00','1997-09-30 00:00:00',9.2000,25,0,30,0),(19,11022,'HANAR',9,1649,'1998-04-14 00:00:00','1998-05-04 00:00:00',9.2000,25,0,35,0),(19,10621,'ISLAT',4,1397,'1997-08-05 00:00:00','1997-08-11 00:00:00',9.2000,25,0,5,0),(19,10283,'LILAS',3,1043,'1996-08-16 00:00:00','1996-08-23 00:00:00',7.3000,25,0,18,0),(19,10697,'LINOD',3,1461,'1997-10-08 00:00:00','1997-10-14 00:00:00',9.2000,25,0,7,0),(19,10811,'LINOD',8,1547,'1998-01-02 00:00:00','1998-01-08 00:00:00',9.2000,25,0,15,0),(19,10647,'QUEDE',4,1419,'1997-08-27 00:00:00','1997-09-03 00:00:00',9.2000,25,0,30,0),(19,10421,'QUEDE',8,1201,'1997-01-21 00:00:00','1997-01-27 00:00:00',7.3000,25,0,4,0),(19,10487,'QUEEN',2,1265,'1997-03-26 00:00:00','1997-03-28 00:00:00',7.3000,25,0,5,0),(19,10788,'QUICK',1,1536,'1997-12-22 00:00:00','1998-01-19 00:00:00',9.2000,25,0,50,0),(19,10345,'QUICK',2,1123,'1996-11-04 00:00:00','1996-11-11 00:00:00',7.3000,25,0,80,0),(19,10299,'RICAR',4,1064,'1996-09-06 00:00:00','1996-09-13 00:00:00',7.3000,25,0,15,0),(19,10447,'RICAR',4,1225,'1997-02-14 00:00:00','1997-03-07 00:00:00',7.3000,25,0,40,0),(19,10281,'ROMEY',4,1041,'1996-08-14 00:00:00','1996-08-21 00:00:00',7.3000,25,0,1,0),(19,10831,'SANTG',3,1559,'1998-01-14 00:00:00','1998-01-23 00:00:00',9.2000,25,0,2,0),(19,10847,'SAVEA',4,1567,'1998-01-22 00:00:00','1998-02-10 00:00:00',9.2000,25,0,12,0),(19,10711,'SAVEA',5,1474,'1997-10-21 00:00:00','1997-10-29 00:00:00',9.2000,25,0,12,0),(19,10555,'SAVEA',6,1333,'1997-06-02 00:00:00','1997-06-04 00:00:00',9.2000,25,0,35,0),(19,10329,'SPLIR',4,1103,'1996-10-15 00:00:00','1996-10-23 00:00:00',7.3000,25,0,10,0),(19,10463,'SUPRD',5,1243,'1997-03-04 00:00:00','1997-03-06 00:00:00',7.3000,25,0,21,0),(19,10967,'TOMSP',2,1627,'1998-03-23 00:00:00','1998-04-02 00:00:00',9.2000,25,0,12,0),(19,10438,'TOMSP',3,1217,'1997-02-06 00:00:00','1997-02-14 00:00:00',7.3000,25,0,15,0),(19,10446,'TOMSP',6,1225,'1997-02-14 00:00:00','1997-02-19 00:00:00',7.3000,25,0,12,0),(19,10676,'TORTU',2,1445,'1997-09-22 00:00:00','1997-09-29 00:00:00',9.2000,25,0,7,0),(19,10651,'WANDK',8,1424,'1997-09-01 00:00:00','1997-09-11 00:00:00',9.2000,25,0,12,0),(19,10416,'WARTH',8,1196,'1997-01-16 00:00:00','1997-01-27 00:00:00',7.3000,25,0,20,0),(19,10803,'WELLI',4,1544,'1997-12-30 00:00:00','1998-01-06 00:00:00',9.2000,25,0,24,0),(19,11066,'WHITC',7,1666,'1998-05-01 00:00:00','1998-05-04 00:00:00',9.2000,25,0,42,0),(19,10910,'WILMK',1,1602,'1998-02-26 00:00:00','1998-03-04 00:00:00',9.2000,25,0,12,0),(20,10953,'AROUT',9,1620,'1998-03-16 00:00:00','1998-03-25 00:00:00',81.0000,40,0,50,0),(20,10384,'BERGS',3,1165,'1996-12-16 00:00:00','1996-12-20 00:00:00',64.8000,40,0,28,0),(20,10514,'ERNSH',3,1292,'1997-04-22 00:00:00','1997-05-16 00:00:00',81.0000,40,0,39,0),(20,10660,'HUNGC',8,1431,'1997-09-08 00:00:00','1997-10-15 00:00:00',81.0000,40,0,21,0),(20,10927,'LACOR',4,1609,'1998-03-05 00:00:00','1998-04-08 00:00:00',81.0000,40,0,5,0),(20,10593,'LEHMS',7,1370,'1997-07-09 00:00:00','1997-08-13 00:00:00',81.0000,40,0,21,0),(20,10986,'OCEAN',8,1634,'1998-03-30 00:00:00','1998-04-21 00:00:00',81.0000,40,0,15,0),(20,10372,'QUEEN',5,1153,'1996-12-04 00:00:00','1996-12-09 00:00:00',64.8000,40,0,12,0),(20,11021,'QUICK',3,1649,'1998-04-14 00:00:00','1998-04-21 00:00:00',81.0000,40,0,15,0),(20,10878,'QUICK',4,1586,'1998-02-10 00:00:00','1998-02-12 00:00:00',81.0000,40,0,20,0),(20,10828,'RANCH',9,1558,'1998-01-13 00:00:00','1998-02-04 00:00:00',81.0000,40,0,5,0),(20,10272,'RATTC',6,1029,'1996-08-02 00:00:00','1996-08-06 00:00:00',64.8000,40,0,6,0),(20,10523,'SEVES',7,1301,'1997-05-01 00:00:00','1997-05-30 00:00:00',81.0000,40,0,15,0),(20,10252,'SUPRD',4,1005,'1996-07-09 00:00:00','1996-07-11 00:00:00',64.8000,40,0,40,0),(20,10292,'TRADH',1,1055,'1996-08-28 00:00:00','1996-09-02 00:00:00',64.8000,40,0,20,0),(21,10956,'BLAUS',6,1621,'1998-03-17 00:00:00','1998-03-20 00:00:00',10.0000,3,40,12,0),(21,10614,'BLAUS',8,1390,'1997-07-29 00:00:00','1997-08-01 00:00:00',10.0000,3,40,8,0),(21,11058,'BLAUS',9,1664,'1998-04-29 00:00:00',NULL,10.0000,3,40,3,0),(21,10484,'BSBEV',3,1263,'1997-03-24 00:00:00','1997-04-01 00:00:00',8.0000,3,40,14,0),(21,10539,'BSBEV',6,1316,'1997-05-16 00:00:00','1997-05-23 00:00:00',10.0000,3,40,15,0),(21,10259,'CENTC',4,1014,'1996-07-18 00:00:00','1996-07-25 00:00:00',8.0000,3,40,10,0),(21,10731,'CHOPS',7,1490,'1997-11-06 00:00:00','1997-11-14 00:00:00',10.0000,3,40,40,0),(21,10609,'DUMON',7,1385,'1997-07-24 00:00:00','1997-07-30 00:00:00',10.0000,3,40,6,0),(21,10368,'ERNSH',2,1148,'1996-11-29 00:00:00','1996-12-02 00:00:00',8.0000,3,40,5,0),(21,10990,'ERNSH',2,1636,'1998-04-01 00:00:00','1998-04-07 00:00:00',10.0000,3,40,65,0),(21,10430,'ERNSH',4,1210,'1997-01-30 00:00:00','1997-02-03 00:00:00',8.0000,3,40,50,0),(21,10763,'FOLIG',3,1517,'1997-12-03 00:00:00','1997-12-08 00:00:00',10.0000,3,40,40,0),(21,10717,'FRANK',1,1477,'1997-10-24 00:00:00','1997-10-29 00:00:00',10.0000,3,40,32,0),(21,10929,'FRANK',6,1609,'1998-03-05 00:00:00','1998-03-12 00:00:00',10.0000,3,40,60,0),(21,10623,'FRANK',8,1399,'1997-08-07 00:00:00','1997-08-12 00:00:00',10.0000,3,40,25,0),(21,10550,'GODOS',7,1328,'1997-05-28 00:00:00','1997-06-06 00:00:00',10.0000,3,40,6,0),(21,10681,'GREAL',3,1448,'1997-09-25 00:00:00','1997-09-30 00:00:00',10.0000,3,40,12,0),(21,11040,'GREAL',4,1657,'1998-04-22 00:00:00',NULL,10.0000,3,40,20,0),(21,10456,'KOENE',8,1236,'1997-02-25 00:00:00','1997-02-28 00:00:00',8.0000,3,40,40,0),(21,10884,'LETSS',4,1588,'1998-02-12 00:00:00','1998-02-13 00:00:00',10.0000,3,40,40,0),(21,10461,'LILAS',1,1239,'1997-02-28 00:00:00','1997-03-05 00:00:00',8.0000,3,40,40,0),(21,10729,'LINOD',8,1488,'1997-11-04 00:00:00','1997-11-14 00:00:00',10.0000,3,40,30,0),(21,10978,'MAISD',9,1630,'1998-03-26 00:00:00','1998-04-23 00:00:00',10.0000,3,40,40,0),(21,10619,'MEREP',3,1396,'1997-08-04 00:00:00','1997-08-07 00:00:00',10.0000,3,40,42,0),(21,10409,'OCEAN',3,1189,'1997-01-09 00:00:00','1997-01-14 00:00:00',8.0000,3,40,12,0),(21,11034,'OLDWO',8,1655,'1998-04-20 00:00:00','1998-04-27 00:00:00',10.0000,3,40,15,0),(21,10397,'PRINI',5,1176,'1996-12-27 00:00:00','1997-01-02 00:00:00',8.0000,3,40,10,0),(21,10477,'PRINI',5,1256,'1997-03-17 00:00:00','1997-03-25 00:00:00',8.0000,3,40,21,0),(21,10261,'QUEDE',4,1015,'1996-07-19 00:00:00','1996-07-30 00:00:00',8.0000,3,40,20,0),(21,10406,'QUEEN',7,1187,'1997-01-07 00:00:00','1997-01-13 00:00:00',8.0000,3,40,30,0),(21,10658,'QUICK',4,1428,'1997-09-05 00:00:00','1997-09-08 00:00:00',10.0000,3,40,60,0),(21,10716,'RANCH',4,1477,'1997-10-24 00:00:00','1997-10-27 00:00:00',10.0000,3,40,5,0),(21,10642,'SIMOB',7,1414,'1997-08-22 00:00:00','1997-09-05 00:00:00',10.0000,3,40,30,0),(21,10930,'SUPRD',4,1610,'1998-03-06 00:00:00','1998-03-18 00:00:00',10.0000,3,40,36,0),(21,10513,'WANDK',7,1292,'1997-04-22 00:00:00','1997-04-28 00:00:00',10.0000,3,40,40,0),(21,10333,'WARTH',5,1106,'1996-10-18 00:00:00','1996-10-25 00:00:00',8.0000,3,40,10,0),(21,10504,'WHITC',4,1281,'1997-04-11 00:00:00','1997-04-18 00:00:00',10.0000,3,40,12,0),(21,10861,'WHITC',4,1575,'1998-01-30 00:00:00','1998-02-17 00:00:00',10.0000,3,40,40,0),(21,10873,'WILMK',4,1582,'1998-02-06 00:00:00','1998-02-09 00:00:00',10.0000,3,40,20,0),(22,10768,'AROUT',3,1522,'1997-12-08 00:00:00','1997-12-15 00:00:00',21.0000,104,0,4,0),(22,10943,'BSBEV',4,1615,'1998-03-11 00:00:00','1998-03-19 00:00:00',21.0000,104,0,21,0),(22,10435,'CONSH',8,1215,'1997-02-04 00:00:00','1997-02-07 00:00:00',16.8000,104,0,12,0),(22,10836,'ERNSH',7,1561,'1998-01-16 00:00:00','1998-01-21 00:00:00',21.0000,104,0,52,0),(22,10763,'FOLIG',3,1517,'1997-12-03 00:00:00','1997-12-08 00:00:00',21.0000,104,0,6,0),(22,11001,'FOLKO',2,1641,'1998-04-06 00:00:00','1998-04-14 00:00:00',21.0000,104,0,25,0),(22,10635,'MAGAA',8,1410,'1997-08-18 00:00:00','1997-08-21 00:00:00',21.0000,104,0,40,0),(22,10619,'MEREP',3,1396,'1997-08-04 00:00:00','1997-08-07 00:00:00',21.0000,104,0,40,0),(22,10844,'PICCO',8,1566,'1998-01-21 00:00:00','1998-01-26 00:00:00',21.0000,104,0,35,0),(22,10648,'RICAR',5,1420,'1997-08-28 00:00:00','1997-09-09 00:00:00',21.0000,104,0,15,0),(22,10603,'SAVEA',8,1379,'1997-07-18 00:00:00','1997-08-08 00:00:00',21.0000,104,0,48,0),(22,10251,'VICTE',3,1004,'1996-07-08 00:00:00','1996-07-15 00:00:00',16.8000,104,0,6,0),(22,10651,'WANDK',8,1424,'1997-09-01 00:00:00','1997-09-11 00:00:00',21.0000,104,0,20,0),(22,10553,'WARTH',2,1330,'1997-05-30 00:00:00','1997-06-03 00:00:00',21.0000,104,0,24,0),(23,10470,'BONAP',4,1250,'1997-03-11 00:00:00','1997-03-14 00:00:00',7.2000,61,0,15,0),(23,10462,'CONSH',2,1242,'1997-03-03 00:00:00','1997-03-18 00:00:00',7.2000,61,0,21,0),(23,10402,'ERNSH',8,1182,'1997-01-02 00:00:00','1997-01-10 00:00:00',7.2000,61,0,60,0),(23,10880,'FOLKO',7,1586,'1998-02-10 00:00:00','1998-02-18 00:00:00',9.0000,61,0,30,0),(23,10396,'FRANK',1,1176,'1996-12-27 00:00:00','1997-01-06 00:00:00',7.2000,61,0,40,0),(23,10337,'FRANK',4,1112,'1996-10-24 00:00:00','1996-10-29 00:00:00',7.2000,61,0,40,0),(23,10670,'FRANK',4,1439,'1997-09-16 00:00:00','1997-09-18 00:00:00',9.0000,61,0,32,0),(23,10621,'ISLAT',4,1397,'1997-08-05 00:00:00','1997-08-11 00:00:00',9.0000,61,0,10,0),(23,10674,'ISLAT',4,1441,'1997-09-18 00:00:00','1997-09-30 00:00:00',9.0000,61,0,5,0),(23,10495,'LAUGB',3,1273,'1997-04-03 00:00:00','1997-04-11 00:00:00',7.2000,61,0,10,0),(23,10543,'LILAS',8,1321,'1997-05-21 00:00:00','1997-05-23 00:00:00',9.0000,61,0,70,0),(23,10811,'LINOD',8,1547,'1998-01-02 00:00:00','1998-01-08 00:00:00',9.0000,61,0,18,0),(23,10554,'OTTIK',4,1330,'1997-05-30 00:00:00','1997-06-05 00:00:00',9.0000,61,0,20,0),(23,10845,'QUICK',8,1566,'1998-01-21 00:00:00','1998-01-30 00:00:00',9.0000,61,0,70,0),(23,11013,'ROMEY',2,1644,'1998-04-09 00:00:00','1998-04-10 00:00:00',9.0000,61,0,10,0),(23,10748,'SAVEA',3,1504,'1997-11-20 00:00:00','1997-11-28 00:00:00',9.0000,61,0,44,0),(23,10869,'SEVES',5,1580,'1998-02-04 00:00:00','1998-02-09 00:00:00',9.0000,61,0,50,0),(23,10348,'WANDK',4,1126,'1996-11-07 00:00:00','1996-11-15 00:00:00',7.2000,61,0,25,0),(23,10935,'WELLI',4,1613,'1998-03-09 00:00:00','1998-03-18 00:00:00',9.0000,61,0,8,0),(24,10355,'AROUT',6,1134,'1996-11-15 00:00:00','1996-11-20 00:00:00',3.6000,20,0,25,0),(24,10280,'BERGS',2,1041,'1996-08-14 00:00:00','1996-09-12 00:00:00',3.6000,20,0,12,0),(24,10866,'BERGS',5,1579,'1998-02-03 00:00:00','1998-02-12 00:00:00',4.5000,20,0,6,0),(24,11027,'BOTTM',1,1651,'1998-04-16 00:00:00','1998-04-20 00:00:00',4.5000,20,0,30,0),(24,10254,'CHOPS',5,1007,'1996-07-11 00:00:00','1996-07-23 00:00:00',3.6000,20,0,15,0),(24,10968,'ERNSH',1,1627,'1998-03-23 00:00:00','1998-04-01 00:00:00',4.5000,20,0,30,0),(24,10895,'ERNSH',3,1594,'1998-02-18 00:00:00','1998-02-23 00:00:00',4.5000,20,0,110,0),(24,10979,'ERNSH',8,1630,'1998-03-26 00:00:00','1998-03-31 00:00:00',4.5000,20,0,80,0),(24,10263,'ERNSH',9,1019,'1996-07-23 00:00:00','1996-07-31 00:00:00',3.6000,20,0,28,0),(24,10512,'FAMIA',7,1291,'1997-04-21 00:00:00','1997-04-24 00:00:00',4.5000,20,0,10,0),(24,10386,'FAMIA',9,1167,'1996-12-18 00:00:00','1996-12-25 00:00:00',3.6000,20,0,15,0),(24,10763,'FOLIG',3,1517,'1997-12-03 00:00:00','1997-12-08 00:00:00',4.5000,20,0,20,0),(24,10859,'FRANK',1,1574,'1998-01-29 00:00:00','1998-02-02 00:00:00',4.5000,20,0,40,0),(24,10623,'FRANK',8,1399,'1997-08-07 00:00:00','1997-08-12 00:00:00',4.5000,20,0,3,0),(24,10352,'FURIB',3,1131,'1996-11-12 00:00:00','1996-11-18 00:00:00',3.6000,20,0,10,0),(24,11009,'GODOS',2,1643,'1998-04-08 00:00:00','1998-04-10 00:00:00',4.5000,20,0,12,0),(24,10541,'HANAR',2,1319,'1997-05-19 00:00:00','1997-05-29 00:00:00',4.5000,20,0,35,0),(24,10922,'HANAR',5,1607,'1998-03-03 00:00:00','1998-03-05 00:00:00',4.5000,20,0,35,0),(24,10960,'HILAA',3,1623,'1998-03-19 00:00:00','1998-04-08 00:00:00',4.5000,20,0,10,0),(24,11055,'HILAA',7,1663,'1998-04-28 00:00:00','1998-05-05 00:00:00',4.5000,20,0,15,0),(24,10498,'HILAA',8,1277,'1997-04-07 00:00:00','1997-04-11 00:00:00',4.5000,20,0,14,0),(24,10799,'KOENE',9,1540,'1997-12-26 00:00:00','1998-01-05 00:00:00',4.5000,20,0,20,0),(24,10893,'KOENE',9,1594,'1998-02-18 00:00:00','1998-02-20 00:00:00',4.5000,20,0,10,0),(24,10358,'LAMAI',5,1139,'1996-11-20 00:00:00','1996-11-27 00:00:00',3.6000,20,0,10,0),(24,11051,'LAMAI',7,1662,'1998-04-27 00:00:00',NULL,4.5000,20,0,10,0),(24,10620,'LAUGB',2,1397,'1997-08-05 00:00:00','1997-08-14 00:00:00',4.5000,20,0,5,0),(24,10883,'LONEP',8,1588,'1998-02-12 00:00:00','1998-02-20 00:00:00',4.5000,20,0,8,0),(24,10275,'MAGAA',1,1034,'1996-08-07 00:00:00','1996-08-09 00:00:00',3.6000,20,0,12,0),(24,10467,'MAGAA',8,1245,'1997-03-06 00:00:00','1997-03-11 00:00:00',3.6000,20,0,28,0),(24,10565,'MEREP',8,1342,'1997-06-11 00:00:00','1997-06-18 00:00:00',4.5000,20,0,25,0),(24,11073,'PERIC',2,1670,'1998-05-05 00:00:00',NULL,4.5000,20,0,20,0),(24,10597,'PICCO',7,1372,'1997-07-11 00:00:00','1997-07-18 00:00:00',4.5000,20,0,35,0),(24,10704,'QUEEN',6,1467,'1997-10-14 00:00:00','1997-11-07 00:00:00',4.5000,20,0,35,0),(24,11000,'RATTC',2,1641,'1998-04-06 00:00:00','1998-04-14 00:00:00',4.5000,20,0,30,0),(24,11010,'REGGC',2,1644,'1998-04-09 00:00:00','1998-04-21 00:00:00',4.5000,20,0,10,0),(24,10648,'RICAR',5,1420,'1997-08-28 00:00:00','1997-09-09 00:00:00',4.5000,20,0,15,0),(24,10281,'ROMEY',4,1041,'1996-08-14 00:00:00','1996-08-21 00:00:00',3.6000,20,0,6,0),(24,10387,'SANTG',1,1167,'1996-12-18 00:00:00','1996-12-20 00:00:00',3.6000,20,0,15,0),(24,10520,'SANTG',7,1299,'1997-04-29 00:00:00','1997-05-01 00:00:00',4.5000,20,0,8,0),(24,10984,'SAVEA',1,1634,'1998-03-30 00:00:00','1998-04-03 00:00:00',4.5000,20,0,20,0),(24,10555,'SAVEA',6,1333,'1997-06-02 00:00:00','1997-06-04 00:00:00',4.5000,20,0,18,0),(24,11031,'SAVEA',6,1652,'1998-04-17 00:00:00','1998-04-24 00:00:00',4.5000,20,0,21,0),(24,10472,'SEVES',8,1251,'1997-03-12 00:00:00','1997-03-19 00:00:00',3.6000,20,0,80,0),(24,10885,'SUPRD',6,1588,'1998-02-12 00:00:00','1998-02-18 00:00:00',4.5000,20,0,12,0),(24,10446,'TOMSP',6,1225,'1997-02-14 00:00:00','1997-02-19 00:00:00',3.6000,20,0,20,0),(24,10293,'TORTU',1,1056,'1996-08-29 00:00:00','1996-09-11 00:00:00',3.6000,20,0,10,0),(24,10518,'TORTU',4,1295,'1997-04-25 00:00:00','1997-05-05 00:00:00',4.5000,20,0,5,0),(24,10465,'VAFFE',1,1244,'1997-03-05 00:00:00','1997-03-14 00:00:00',3.6000,20,0,25,0),(24,10946,'VAFFE',1,1616,'1998-03-12 00:00:00','1998-03-19 00:00:00',4.5000,20,0,25,0),(24,10695,'WILMK',7,1460,'1997-10-07 00:00:00','1997-10-14 00:00:00',4.5000,20,0,20,0),(24,10998,'WOLZA',8,1638,'1998-04-03 00:00:00','1998-04-17 00:00:00',4.5000,20,0,12,0),(25,10362,'BONAP',3,1144,'1996-11-25 00:00:00','1996-11-28 00:00:00',11.2000,76,0,50,0),(25,10492,'BOTTM',3,1271,'1997-04-01 00:00:00','1997-04-11 00:00:00',11.2000,76,0,60,0),(25,10347,'FAMIA',4,1125,'1996-11-06 00:00:00','1996-11-08 00:00:00',11.2000,76,0,10,0),(25,10887,'GALED',8,1589,'1998-02-13 00:00:00','1998-02-16 00:00:00',14.0000,76,0,5,0),(25,11055,'HILAA',7,1663,'1998-04-28 00:00:00','1998-05-05 00:00:00',14.0000,76,0,15,0),(25,10323,'KOENE',4,1095,'1996-10-07 00:00:00','1996-10-14 00:00:00',11.2000,76,0,4,0),(25,10506,'KOENE',9,1285,'1997-04-15 00:00:00','1997-05-02 00:00:00',14.0000,76,0,18,0),(25,10832,'LAMAI',2,1559,'1998-01-14 00:00:00','1998-01-19 00:00:00',14.0000,76,0,10,0),(25,10810,'LAUGB',2,1546,'1998-01-01 00:00:00','1998-01-07 00:00:00',14.0000,76,0,5,0),(25,10919,'LINOD',2,1606,'1998-03-02 00:00:00','1998-03-04 00:00:00',14.0000,76,0,24,0),(25,10840,'LINOD',4,1564,'1998-01-19 00:00:00','1998-02-16 00:00:00',14.0000,76,0,6,0),(25,10467,'MAGAA',8,1245,'1997-03-06 00:00:00','1997-03-11 00:00:00',11.2000,76,0,12,0),(25,10760,'MAISD',4,1515,'1997-12-01 00:00:00','1997-12-10 00:00:00',14.0000,76,0,12,0),(25,10761,'RATTC',5,1516,'1997-12-02 00:00:00','1997-12-08 00:00:00',14.0000,76,0,35,0),(25,10851,'RICAR',5,1571,'1998-01-26 00:00:00','1998-02-02 00:00:00',14.0000,76,0,10,0),(25,10393,'SAVEA',1,1174,'1996-12-25 00:00:00','1997-01-03 00:00:00',11.2000,76,0,7,0),(25,10850,'VICTE',1,1568,'1998-01-23 00:00:00','1998-01-30 00:00:00',14.0000,76,0,20,0),(25,10803,'WELLI',4,1544,'1997-12-30 00:00:00','1998-01-06 00:00:00',14.0000,76,0,15,0),(26,10677,'ANTON',1,1445,'1997-09-22 00:00:00','1997-09-26 00:00:00',31.2300,15,0,30,0),(26,10444,'BERGS',3,1223,'1997-02-12 00:00:00','1997-02-21 00:00:00',24.9000,15,0,15,0),(26,10857,'BERGS',8,1573,'1998-01-28 00:00:00','1998-02-06 00:00:00',31.2300,15,0,35,0),(26,10825,'DRACD',1,1554,'1998-01-09 00:00:00','1998-01-14 00:00:00',31.2300,15,0,12,0),(26,11024,'EASTC',4,1650,'1998-04-15 00:00:00','1998-04-20 00:00:00',31.2300,15,0,12,0),(26,10633,'ERNSH',7,1407,'1997-08-15 00:00:00','1997-08-18 00:00:00',31.2300,15,0,35,0),(26,10337,'FRANK',4,1112,'1996-10-24 00:00:00','1996-10-29 00:00:00',24.9000,15,0,24,0),(26,10422,'FRANS',2,1202,'1997-01-22 00:00:00','1997-01-31 00:00:00',24.9000,15,0,2,0),(26,10796,'HILAA',3,1539,'1997-12-25 00:00:00','1998-01-14 00:00:00',31.2300,15,0,21,0),(26,10817,'KOENE',3,1551,'1998-01-06 00:00:00','1998-01-13 00:00:00',31.2300,15,0,40,0),(26,10849,'KOENE',9,1568,'1998-01-23 00:00:00','1998-01-30 00:00:00',31.2300,15,0,18,0),(26,10973,'LACOR',6,1628,'1998-03-24 00:00:00','1998-03-27 00:00:00',31.2300,15,0,5,0),(26,10592,'LEHMS',3,1369,'1997-07-08 00:00:00','1997-07-16 00:00:00',31.2300,15,0,5,0),(26,10357,'LILAS',1,1138,'1996-11-19 00:00:00','1996-12-02 00:00:00',24.9000,15,0,16,0),(26,10330,'LILAS',3,1104,'1996-10-16 00:00:00','1996-10-28 00:00:00',24.9000,15,0,50,0),(26,10404,'MAGAA',2,1183,'1997-01-03 00:00:00','1997-01-08 00:00:00',24.9000,15,0,30,0),(26,11004,'MAISD',3,1642,'1998-04-07 00:00:00','1998-04-20 00:00:00',31.2300,15,0,6,0),(26,10686,'PICCO',2,1453,'1997-09-30 00:00:00','1997-10-08 00:00:00',31.2300,15,0,15,0),(26,10587,'QUEDE',1,1363,'1997-07-02 00:00:00','1997-07-09 00:00:00',31.2300,15,0,6,0),(26,10421,'QUEDE',8,1201,'1997-01-21 00:00:00','1997-01-27 00:00:00',24.9000,15,0,30,0),(26,10487,'QUEEN',2,1265,'1997-03-26 00:00:00','1997-03-28 00:00:00',24.9000,15,0,30,0),(26,10868,'QUEEN',7,1580,'1998-02-04 00:00:00','1998-02-23 00:00:00',31.2300,15,0,20,0),(26,10540,'QUICK',3,1319,'1997-05-19 00:00:00','1997-06-13 00:00:00',31.2300,15,0,40,0),(26,11021,'QUICK',3,1649,'1998-04-14 00:00:00','1998-04-21 00:00:00',31.2300,15,0,63,0),(26,10448,'RANCH',4,1228,'1997-02-17 00:00:00','1997-02-24 00:00:00',24.9000,15,0,6,0),(26,10751,'RICSU',3,1508,'1997-11-24 00:00:00','1997-12-03 00:00:00',31.2300,15,0,12,0),(26,10758,'RICSU',3,1512,'1997-11-28 00:00:00','1997-12-04 00:00:00',31.2300,15,0,20,0),(26,10393,'SAVEA',1,1174,'1996-12-25 00:00:00','1997-01-03 00:00:00',24.9000,15,0,70,0),(26,10713,'SAVEA',1,1475,'1997-10-22 00:00:00','1997-10-24 00:00:00',31.2300,15,0,30,0),(26,10432,'SPLIR',3,1211,'1997-01-31 00:00:00','1997-02-07 00:00:00',24.9000,15,0,10,0),(26,10458,'SUPRD',7,1237,'1997-02-26 00:00:00','1997-03-04 00:00:00',24.9000,15,0,30,0),(26,10723,'WHITC',3,1483,'1997-10-30 00:00:00','1997-11-25 00:00:00',31.2300,15,0,15,0),(27,10979,'ERNSH',8,1630,'1998-03-26 00:00:00','1998-03-31 00:00:00',43.9000,49,0,30,0),(27,10257,'HILAA',4,1012,'1996-07-16 00:00:00','1996-07-22 00:00:00',35.1000,49,0,25,0),(27,10858,'LACOR',2,1574,'1998-01-29 00:00:00','1998-02-03 00:00:00',43.9000,49,0,10,0),(27,10284,'LEHMS',4,1046,'1996-08-19 00:00:00','1996-08-27 00:00:00',35.1000,49,0,15,0),(27,10760,'MAISD',4,1515,'1997-12-01 00:00:00','1997-12-10 00:00:00',43.9000,49,0,40,0),(27,10441,'OLDWO',3,1221,'1997-02-10 00:00:00','1997-03-14 00:00:00',35.1000,49,0,50,0),(27,10515,'QUICK',2,1293,'1997-04-23 00:00:00','1997-05-23 00:00:00',43.9000,49,0,120,0),(27,10598,'RATTC',1,1375,'1997-07-14 00:00:00','1997-07-18 00:00:00',43.9000,49,0,50,0),(27,10930,'SUPRD',4,1610,'1998-03-06 00:00:00','1998-03-18 00:00:00',43.9000,49,0,25,0),(28,10952,'ALFKI',1,1620,'1998-03-16 00:00:00','1998-03-24 00:00:00',45.6000,26,0,2,0),(28,10643,'ALFKI',6,1417,'1997-08-25 00:00:00','1997-09-02 00:00:00',45.6000,26,0,15,0),(28,10733,'BERGS',1,1491,'1997-11-07 00:00:00','1997-11-10 00:00:00',45.6000,26,0,20,0),(28,10924,'BERGS',3,1608,'1998-03-04 00:00:00','1998-04-08 00:00:00',45.6000,26,0,30,0),(28,10509,'BLAUS',4,1287,'1997-04-17 00:00:00','1997-04-29 00:00:00',45.6000,26,0,3,0),(28,10360,'BLONP',4,1141,'1996-11-22 00:00:00','1996-12-02 00:00:00',36.4000,26,0,30,0),(28,10937,'CACTU',7,1614,'1998-03-10 00:00:00','1998-03-13 00:00:00',45.6000,26,0,8,0),(28,10368,'ERNSH',2,1148,'1996-11-29 00:00:00','1996-12-02 00:00:00',36.4000,26,0,13,0),(28,10514,'ERNSH',3,1292,'1997-04-22 00:00:00','1997-05-16 00:00:00',45.6000,26,0,35,0),(28,11008,'ERNSH',7,1643,'1998-04-08 00:00:00',NULL,45.6000,26,0,70,0),(28,10976,'HILAA',1,1629,'1998-03-25 00:00:00','1998-04-03 00:00:00',45.6000,26,0,20,0),(28,10500,'LAMAI',6,1279,'1997-04-09 00:00:00','1997-04-17 00:00:00',45.6000,26,0,8,0),(28,10499,'LILAS',4,1278,'1997-04-08 00:00:00','1997-04-16 00:00:00',45.6000,26,0,20,0),(28,11039,'LINOD',1,1656,'1998-04-21 00:00:00',NULL,45.6000,26,0,20,0),(28,10544,'LONEP',4,1321,'1997-05-21 00:00:00','1997-05-30 00:00:00',45.6000,26,0,7,0),(28,10649,'MAISD',5,1420,'1997-08-28 00:00:00','1997-08-29 00:00:00',45.6000,26,0,20,0),(28,10277,'MORGK',2,1036,'1996-08-09 00:00:00','1996-08-13 00:00:00',36.4000,26,0,20,0),(28,10474,'PERIC',5,1252,'1997-03-13 00:00:00','1997-03-21 00:00:00',36.4000,26,0,18,0),(28,10406,'QUEEN',7,1187,'1997-01-07 00:00:00','1997-01-13 00:00:00',36.4000,26,0,42,0),(28,11068,'QUEEN',8,1669,'1998-05-04 00:00:00',NULL,45.6000,26,0,8,0),(28,10443,'REGGC',8,1223,'1997-02-12 00:00:00','1997-02-14 00:00:00',36.4000,26,0,12,0),(28,10387,'SANTG',1,1167,'1996-12-18 00:00:00','1996-12-20 00:00:00',36.4000,26,0,6,0),(28,10452,'SAVEA',8,1231,'1997-02-20 00:00:00','1997-02-26 00:00:00',36.4000,26,0,15,0),(28,10377,'SEVES',1,1158,'1996-12-09 00:00:00','1996-12-13 00:00:00',36.4000,26,0,20,0),(28,10804,'SEVES',6,1544,'1997-12-30 00:00:00','1998-01-07 00:00:00',45.6000,26,0,24,0),(28,10302,'SUPRD',4,1068,'1996-09-10 00:00:00','1996-10-09 00:00:00',36.4000,26,0,28,0),(28,10458,'SUPRD',7,1237,'1997-02-26 00:00:00','1997-03-04 00:00:00',36.4000,26,0,30,0),(28,10624,'THECR',4,1399,'1997-08-07 00:00:00','1997-08-19 00:00:00',45.6000,26,0,10,0),(28,10319,'TORTU',7,1090,'1996-10-02 00:00:00','1996-10-11 00:00:00',36.4000,26,0,14,0),(28,10688,'VAFFE',4,1454,'1997-10-01 00:00:00','1997-10-07 00:00:00',45.6000,26,0,60,0),(28,10312,'WANDK',2,1081,'1996-09-23 00:00:00','1996-10-03 00:00:00',36.4000,26,0,4,0),(28,10740,'WHITC',4,1497,'1997-11-13 00:00:00','1997-11-25 00:00:00',45.6000,26,0,5,0),(28,10873,'WILMK',4,1582,'1998-02-06 00:00:00','1998-02-09 00:00:00',45.6000,26,0,3,0),(29,10857,'BERGS',8,1573,'1998-01-28 00:00:00','1998-02-06 00:00:00',123.7900,0,0,10,0),(29,10360,'BLONP',4,1141,'1996-11-22 00:00:00','1996-12-02 00:00:00',99.0000,0,0,35,0),(29,10801,'BOLID',4,1543,'1997-12-29 00:00:00','1997-12-31 00:00:00',123.7900,0,0,20,0),(29,10290,'COMMI',8,1054,'1996-08-27 00:00:00','1996-09-03 00:00:00',99.0000,0,0,15,0),(29,10400,'EASTC',1,1181,'1997-01-01 00:00:00','1997-01-16 00:00:00',99.0000,0,0,21,0),(29,10382,'ERNSH',4,1162,'1996-12-13 00:00:00','1996-12-16 00:00:00',99.0000,0,0,14,0),(29,10698,'ERNSH',4,1462,'1997-10-09 00:00:00','1997-10-17 00:00:00',123.7900,0,0,12,0),(29,10993,'FOLKO',7,1636,'1998-04-01 00:00:00','1998-04-10 00:00:00',123.7900,0,0,50,0),(29,10791,'FRANK',6,1537,'1997-12-23 00:00:00','1998-01-01 00:00:00',123.7900,0,0,14,0),(29,10971,'FRANR',2,1628,'1998-03-24 00:00:00','1998-04-02 00:00:00',123.7900,0,0,14,0),(29,10629,'GODOS',4,1404,'1997-08-12 00:00:00','1997-08-20 00:00:00',123.7900,0,0,20,0),(29,11006,'GREAL',3,1642,'1998-04-07 00:00:00','1998-04-15 00:00:00',123.7900,0,0,2,0),(29,10268,'GROSR',8,1026,'1996-07-30 00:00:00','1996-08-02 00:00:00',99.0000,0,0,10,0),(29,10912,'HUNGO',2,1602,'1998-02-26 00:00:00','1998-03-18 00:00:00',123.7900,0,0,60,0),(29,10897,'HUNGO',3,1595,'1998-02-19 00:00:00','1998-02-25 00:00:00',123.7900,0,0,80,0),(29,10687,'HUNGO',9,1453,'1997-09-30 00:00:00','1997-10-30 00:00:00',123.7900,0,0,10,0),(29,10893,'KOENE',9,1594,'1998-02-18 00:00:00','1998-02-20 00:00:00',123.7900,0,0,24,0),(29,10787,'LAMAI',2,1533,'1997-12-19 00:00:00','1997-12-26 00:00:00',123.7900,0,0,20,0),(29,10772,'LEHMS',3,1524,'1997-12-10 00:00:00','1997-12-19 00:00:00',123.7900,0,0,18,0),(29,10305,'OLDWO',8,1071,'1996-09-13 00:00:00','1996-10-09 00:00:00',99.0000,0,0,25,0),(29,10354,'PERIC',8,1133,'1996-11-14 00:00:00','1996-11-20 00:00:00',99.0000,0,0,4,0),(29,11007,'PRINI',8,1643,'1998-04-08 00:00:00','1998-04-13 00:00:00',123.7900,0,0,10,0),(29,10691,'QUICK',2,1456,'1997-10-03 00:00:00','1997-10-22 00:00:00',123.7900,0,0,40,0),(29,10666,'RICSU',7,1435,'1997-09-12 00:00:00','1997-09-22 00:00:00',123.7900,0,0,36,0),(29,10440,'SAVEA',4,1221,'1997-02-10 00:00:00','1997-02-28 00:00:00',99.0000,0,0,24,0),(29,10510,'SAVEA',6,1288,'1997-04-18 00:00:00','1997-04-28 00:00:00',123.7900,0,0,36,0),(29,11030,'SAVEA',7,1652,'1998-04-17 00:00:00','1998-04-27 00:00:00',123.7900,0,0,60,0),(29,10369,'SPLIR',8,1151,'1996-12-02 00:00:00','1996-12-09 00:00:00',99.0000,0,0,20,0),(29,10624,'THECR',4,1399,'1997-08-07 00:00:00','1997-08-19 00:00:00',123.7900,0,0,6,0),(29,10834,'TRADH',1,1560,'1998-01-15 00:00:00','1998-01-19 00:00:00',123.7900,0,0,8,0),(29,10465,'VAFFE',1,1244,'1997-03-05 00:00:00','1997-03-14 00:00:00',99.0000,0,0,18,0),(29,10583,'WARTH',2,1361,'1997-06-30 00:00:00','1997-07-04 00:00:00',123.7900,0,0,10,0),(30,10524,'BERGS',1,1301,'1997-05-01 00:00:00','1997-05-07 00:00:00',25.8900,10,0,10,0),(30,10866,'BERGS',5,1579,'1998-02-03 00:00:00','1998-02-12 00:00:00',25.8900,10,0,40,0),(30,10532,'EASTC',7,1309,'1997-05-09 00:00:00','1997-05-12 00:00:00',25.8900,10,0,15,0),(30,10263,'ERNSH',9,1019,'1996-07-23 00:00:00','1996-07-31 00:00:00',20.7000,10,0,60,0),(30,10650,'FAMIA',5,1421,'1997-08-29 00:00:00','1997-09-03 00:00:00',25.8900,10,0,30,0),(30,10327,'FOLKO',2,1099,'1996-10-11 00:00:00','1996-10-14 00:00:00',20.7000,10,0,35,0),(30,10560,'FRANK',8,1337,'1997-06-06 00:00:00','1997-06-09 00:00:00',25.8900,10,0,20,0),(30,10734,'GOURL',2,1491,'1997-11-07 00:00:00','1997-11-12 00:00:00',25.8900,10,0,15,0),(30,10652,'GOURL',4,1424,'1997-09-01 00:00:00','1997-09-08 00:00:00',25.8900,10,0,2,0),(30,10957,'HILAA',8,1622,'1998-03-18 00:00:00','1998-03-27 00:00:00',25.8900,10,0,30,0),(30,10897,'HUNGO',3,1595,'1998-02-19 00:00:00','1998-02-25 00:00:00',25.8900,10,0,36,0),(30,10380,'HUNGO',8,1161,'1996-12-12 00:00:00','1997-01-16 00:00:00',20.7000,10,0,18,0),(30,10468,'KOENE',3,1246,'1997-03-07 00:00:00','1997-03-12 00:00:00',20.7000,10,0,8,0),(30,10893,'KOENE',9,1594,'1998-02-18 00:00:00','1998-02-20 00:00:00',25.8900,10,0,35,0),(30,10522,'LEHMS',4,1300,'1997-04-30 00:00:00','1997-05-06 00:00:00',25.8900,10,0,20,0),(30,10891,'LEHMS',7,1593,'1998-02-17 00:00:00','1998-02-19 00:00:00',25.8900,10,0,15,0),(30,10534,'LEHMS',8,1312,'1997-05-12 00:00:00','1997-05-14 00:00:00',25.8900,10,0,10,0),(30,10719,'LETSS',8,1480,'1997-10-27 00:00:00','1997-11-05 00:00:00',25.8900,10,0,3,0),(30,10461,'LILAS',1,1239,'1997-02-28 00:00:00','1997-03-05 00:00:00',20.7000,10,0,28,0),(30,11065,'LILAS',8,1666,'1998-05-01 00:00:00',NULL,25.8900,10,0,4,0),(30,10338,'OLDWO',4,1113,'1996-10-25 00:00:00','1996-10-29 00:00:00',20.7000,10,0,15,0),(30,10728,'QUEEN',4,1488,'1997-11-04 00:00:00','1997-11-11 00:00:00',25.8900,10,0,15,0),(30,10786,'QUEEN',8,1533,'1997-12-19 00:00:00','1997-12-23 00:00:00',25.8900,10,0,15,0),(30,10401,'RATTC',1,1181,'1997-01-01 00:00:00','1997-01-10 00:00:00',20.7000,10,0,18,0),(30,10751,'RICSU',3,1508,'1997-11-24 00:00:00','1997-12-03 00:00:00',25.8900,10,0,30,0),(30,10306,'ROMEY',1,1074,'1996-09-16 00:00:00','1996-09-23 00:00:00',20.7000,10,0,10,0),(30,10282,'ROMEY',4,1042,'1996-08-15 00:00:00','1996-08-21 00:00:00',20.7000,10,0,6,0),(30,10917,'ROMEY',4,1606,'1998-03-02 00:00:00','1998-03-11 00:00:00',25.8900,10,0,1,0),(30,11015,'SANTG',2,1645,'1998-04-10 00:00:00','1998-04-20 00:00:00',25.8900,10,0,15,0),(30,10802,'SIMOB',4,1543,'1997-12-29 00:00:00','1998-01-02 00:00:00',25.8900,10,0,25,0),(30,10329,'SPLIR',4,1103,'1996-10-15 00:00:00','1996-10-23 00:00:00',20.7000,10,0,8,0),(30,10834,'TRADH',1,1560,'1998-01-15 00:00:00','1998-01-19 00:00:00',25.8900,10,0,20,0),(31,10768,'AROUT',3,1522,'1997-12-08 00:00:00','1997-12-15 00:00:00',12.5000,0,70,50,0),(31,10953,'AROUT',9,1620,'1998-03-16 00:00:00','1998-03-25 00:00:00',12.5000,0,70,50,0),(31,11016,'AROUT',9,1645,'1998-04-10 00:00:00','1998-04-13 00:00:00',12.5000,0,70,15,0),(31,10584,'BLONP',4,1361,'1997-06-30 00:00:00','1997-07-04 00:00:00',12.5000,0,70,50,0),(31,10826,'BLONP',6,1557,'1998-01-12 00:00:00','1998-02-06 00:00:00',12.5000,0,70,35,0),(31,10730,'BONAP',5,1489,'1997-11-05 00:00:00','1997-11-14 00:00:00',12.5000,0,70,3,0),(31,10782,'CACTU',9,1531,'1997-12-17 00:00:00','1997-12-22 00:00:00',12.5000,0,70,1,0),(31,10363,'DRACD',4,1145,'1996-11-26 00:00:00','1996-12-04 00:00:00',10.0000,0,70,20,0),(31,10773,'ERNSH',1,1525,'1997-12-11 00:00:00','1997-12-16 00:00:00',12.5000,0,70,70,0),(31,10776,'ERNSH',1,1529,'1997-12-15 00:00:00','1997-12-18 00:00:00',12.5000,0,70,16,0),(31,10390,'ERNSH',6,1172,'1996-12-23 00:00:00','1996-12-26 00:00:00',10.0000,0,70,60,0),(31,10979,'ERNSH',8,1630,'1998-03-26 00:00:00','1998-03-31 00:00:00',12.5000,0,70,24,0),(31,10774,'FOLKO',4,1525,'1997-12-11 00:00:00','1997-12-12 00:00:00',12.5000,0,70,2,0),(31,10342,'FRANK',4,1118,'1996-10-30 00:00:00','1996-11-04 00:00:00',10.0000,0,70,56,0),(31,10423,'GOURL',6,1203,'1997-01-23 00:00:00','1997-02-24 00:00:00',10.0000,0,70,14,0),(31,10886,'HANAR',1,1589,'1998-02-13 00:00:00','1998-03-02 00:00:00',12.5000,0,70,35,0),(31,10253,'HANAR',3,1006,'1996-07-10 00:00:00','1996-07-16 00:00:00',10.0000,0,70,20,0),(31,10783,'HANAR',4,1532,'1997-12-18 00:00:00','1997-12-19 00:00:00',12.5000,0,70,10,0),(31,10705,'HILAA',9,1468,'1997-10-15 00:00:00','1997-11-18 00:00:00',12.5000,0,70,20,0),(31,10567,'HUNGO',1,1343,'1997-06-12 00:00:00','1997-06-17 00:00:00',12.5000,0,70,60,0),(31,10335,'HUNGO',7,1110,'1996-10-22 00:00:00','1996-10-24 00:00:00',10.0000,0,70,25,0),(31,10325,'KOENE',1,1097,'1996-10-09 00:00:00','1996-10-14 00:00:00',10.0000,0,70,4,0),(31,11070,'LEHMS',2,1670,'1998-05-05 00:00:00',NULL,12.5000,0,70,20,0),(31,10536,'LEHMS',3,1314,'1997-05-14 00:00:00','1997-06-06 00:00:00',12.5000,0,70,20,0),(31,10954,'LINOD',5,1621,'1998-03-17 00:00:00','1998-03-20 00:00:00',12.5000,0,70,25,0),(31,10376,'MEREP',1,1158,'1996-12-09 00:00:00','1996-12-13 00:00:00',10.0000,0,70,42,0),(31,10945,'MORGK',4,1616,'1998-03-12 00:00:00','1998-03-18 00:00:00',12.5000,0,70,10,0),(31,10680,'OLDWO',1,1447,'1997-09-24 00:00:00','1997-09-26 00:00:00',12.5000,0,70,20,0),(31,10855,'OLDWO',3,1572,'1998-01-27 00:00:00','1998-02-04 00:00:00',12.5000,0,70,14,0),(31,10833,'OTTIK',6,1560,'1998-01-15 00:00:00','1998-01-23 00:00:00',12.5000,0,70,9,0),(31,10747,'PICCO',6,1503,'1997-11-19 00:00:00','1997-11-26 00:00:00',12.5000,0,70,8,0),(31,10659,'QUEEN',7,1428,'1997-09-05 00:00:00','1997-09-10 00:00:00',12.5000,0,70,20,0),(31,10273,'QUICK',3,1032,'1996-08-05 00:00:00','1996-08-12 00:00:00',10.0000,0,70,15,0),(31,10549,'QUICK',5,1327,'1997-05-27 00:00:00','1997-05-30 00:00:00',12.5000,0,70,55,0),(31,10564,'RATTC',4,1341,'1997-06-10 00:00:00','1997-06-16 00:00:00',12.5000,0,70,6,0),(31,10569,'RATTC',5,1347,'1997-06-16 00:00:00','1997-07-11 00:00:00',12.5000,0,70,35,0),(31,10272,'RATTC',6,1029,'1996-08-02 00:00:00','1996-08-06 00:00:00',10.0000,0,70,40,0),(31,10812,'REGGC',5,1547,'1998-01-02 00:00:00','1998-01-12 00:00:00',12.5000,0,70,16,0),(31,10537,'RICSU',1,1314,'1997-05-14 00:00:00','1997-05-19 00:00:00',12.5000,0,70,30,0),(31,10393,'SAVEA',1,1174,'1996-12-25 00:00:00','1997-01-03 00:00:00',10.0000,0,70,32,0),(31,10941,'SAVEA',7,1615,'1998-03-11 00:00:00','1998-03-20 00:00:00',12.5000,0,70,44,0),(31,10722,'SAVEA',8,1482,'1997-10-29 00:00:00','1997-11-04 00:00:00',12.5000,0,70,50,0),(31,10359,'SEVES',5,1140,'1996-11-21 00:00:00','1996-11-26 00:00:00',10.0000,0,70,70,0),(31,10475,'SUPRD',9,1253,'1997-03-14 00:00:00','1997-04-04 00:00:00',10.0000,0,70,35,0),(31,10446,'TOMSP',6,1225,'1997-02-14 00:00:00','1997-02-19 00:00:00',10.0000,0,70,3,0),(31,10576,'TORTU',3,1354,'1997-06-23 00:00:00','1997-06-30 00:00:00',12.5000,0,70,20,0),(31,10496,'TRADH',7,1274,'1997-04-04 00:00:00','1997-04-07 00:00:00',10.0000,0,70,20,0),(31,10668,'WANDK',1,1438,'1997-09-15 00:00:00','1997-09-23 00:00:00',12.5000,0,70,8,0),(31,10356,'WANDK',6,1137,'1996-11-18 00:00:00','1996-11-27 00:00:00',10.0000,0,70,30,0),(31,10553,'WARTH',2,1330,'1997-05-30 00:00:00','1997-06-03 00:00:00',12.5000,0,70,30,0),(31,10374,'WOLZA',1,1154,'1996-12-05 00:00:00','1996-12-09 00:00:00',10.0000,0,70,30,0),(32,10759,'ANATR',3,1512,'1997-11-28 00:00:00','1997-12-12 00:00:00',32.0000,9,40,10,0),(32,10572,'BERGS',3,1349,'1997-06-18 00:00:00','1997-06-25 00:00:00',32.0000,9,40,10,0),(32,10258,'ERNSH',1,1013,'1996-07-17 00:00:00','1996-07-23 00:00:00',25.6000,9,40,6,0),(32,10705,'HILAA',9,1468,'1997-10-15 00:00:00','1997-11-18 00:00:00',32.0000,9,40,4,0),(32,10985,'HUNGO',2,1634,'1998-03-30 00:00:00','1998-04-02 00:00:00',32.0000,9,40,35,0),(32,10335,'HUNGO',7,1110,'1996-10-22 00:00:00','1996-10-24 00:00:00',25.6000,9,40,6,0),(32,10997,'LILAS',8,1638,'1998-04-03 00:00:00','1998-04-13 00:00:00',32.0000,9,40,50,0),(32,10818,'MAGAA',7,1552,'1998-01-07 00:00:00','1998-01-12 00:00:00',32.0000,9,40,20,0),(32,11053,'PICCO',2,1662,'1998-04-27 00:00:00','1998-04-29 00:00:00',32.0000,9,40,20,0),(32,10916,'RANCH',1,1603,'1998-02-27 00:00:00','1998-03-09 00:00:00',32.0000,9,40,6,0),(32,10314,'RATTC',1,1083,'1996-09-25 00:00:00','1996-10-04 00:00:00',25.6000,9,40,40,0),(32,10547,'SEVES',3,1323,'1997-05-23 00:00:00','1997-06-02 00:00:00',32.0000,9,40,24,0),(32,10513,'WANDK',7,1292,'1997-04-22 00:00:00','1997-04-28 00:00:00',32.0000,9,40,50,0),(32,11046,'WANDK',8,1658,'1998-04-23 00:00:00','1998-04-24 00:00:00',32.0000,9,40,15,0),(33,10677,'ANTON',1,1445,'1997-09-22 00:00:00','1997-09-26 00:00:00',2.5000,112,0,8,0),(33,10682,'ANTON',3,1448,'1997-09-25 00:00:00','1997-10-01 00:00:00',2.5000,112,0,30,0),(33,10410,'BOTTM',3,1190,'1997-01-10 00:00:00','1997-01-15 00:00:00',2.0000,112,0,49,0),(33,11045,'BOTTM',6,1658,'1998-04-23 00:00:00',NULL,2.5000,112,0,15,0),(33,10539,'BSBEV',6,1316,'1997-05-16 00:00:00','1997-05-23 00:00:00',2.5000,112,0,15,0),(33,11054,'CACTU',8,1663,'1998-04-28 00:00:00',NULL,2.5000,112,0,10,0),(33,11024,'EASTC',4,1650,'1998-04-15 00:00:00','1998-04-20 00:00:00',2.5000,112,0,30,0),(33,10382,'ERNSH',4,1162,'1996-12-13 00:00:00','1996-12-16 00:00:00',2.0000,112,0,60,0),(33,10414,'FAMIA',2,1194,'1997-01-14 00:00:00','1997-01-17 00:00:00',2.0000,112,0,50,0),(33,10528,'GREAL',6,1306,'1997-05-06 00:00:00','1997-05-09 00:00:00',2.5000,112,0,8,0),(33,10415,'HUNGC',3,1195,'1997-01-15 00:00:00','1997-01-24 00:00:00',2.0000,112,0,20,0),(33,10473,'ISLAT',1,1252,'1997-03-13 00:00:00','1997-03-21 00:00:00',2.0000,112,0,12,0),(33,10972,'LACOR',4,1628,'1998-03-24 00:00:00','1998-03-26 00:00:00',2.5000,112,0,7,0),(33,10454,'LAMAI',4,1232,'1997-02-21 00:00:00','1997-02-25 00:00:00',2.0000,112,0,20,0),(33,10536,'LEHMS',3,1314,'1997-05-14 00:00:00','1997-06-06 00:00:00',2.5000,112,0,30,0),(33,10913,'QUEEN',4,1602,'1998-02-26 00:00:00','1998-03-04 00:00:00',2.5000,112,0,40,0),(33,10515,'QUICK',2,1293,'1997-04-23 00:00:00','1997-05-23 00:00:00',2.5000,112,0,16,0),(33,10273,'QUICK',3,1032,'1996-08-05 00:00:00','1996-08-12 00:00:00',2.0000,112,0,20,0),(33,10562,'REGGC',1,1340,'1997-06-09 00:00:00','1997-06-12 00:00:00',2.5000,112,0,20,0),(33,10951,'RICSU',9,1620,'1998-03-16 00:00:00','1998-04-07 00:00:00',2.5000,112,0,15,0),(33,10815,'SAVEA',2,1550,'1998-01-05 00:00:00','1998-01-14 00:00:00',2.5000,112,0,16,0),(33,10607,'SAVEA',5,1383,'1997-07-22 00:00:00','1997-07-25 00:00:00',2.5000,112,0,14,0),(33,10678,'SAVEA',7,1446,'1997-09-23 00:00:00','1997-10-16 00:00:00',2.5000,112,0,30,0),(33,10341,'SIMOB',7,1117,'1996-10-29 00:00:00','1996-11-05 00:00:00',2.0000,112,0,8,0),(33,10271,'SPLIR',6,1028,'1996-08-01 00:00:00','1996-08-30 00:00:00',2.0000,112,0,24,0),(33,10252,'SUPRD',4,1005,'1996-07-09 00:00:00','1996-07-11 00:00:00',2.0000,112,0,25,0),(33,10915,'TORTU',2,1603,'1998-02-27 00:00:00','1998-03-02 00:00:00',2.5000,112,0,30,0),(33,10574,'TRAIH',4,1350,'1997-06-19 00:00:00','1997-06-30 00:00:00',2.5000,112,0,14,0),(33,10850,'VICTE',1,1568,'1998-01-23 00:00:00','1998-01-30 00:00:00',2.5000,112,0,4,0),(33,10632,'WANDK',8,1406,'1997-08-14 00:00:00','1997-08-19 00:00:00',2.5000,112,0,20,0),(33,10861,'WHITC',4,1575,'1998-01-30 00:00:00','1998-02-17 00:00:00',2.5000,112,0,35,0),(33,10269,'WHITC',5,1027,'1996-07-31 00:00:00','1996-08-09 00:00:00',2.0000,112,0,60,0),(34,10573,'ANTON',7,1350,'1997-06-19 00:00:00','1997-06-20 00:00:00',14.0000,111,0,40,0),(34,10937,'CACTU',7,1614,'1998-03-10 00:00:00','1998-03-13 00:00:00',14.0000,111,0,20,0),(34,10890,'DUMON',7,1592,'1998-02-16 00:00:00','1998-02-18 00:00:00',14.0000,111,0,10,0),(34,10990,'ERNSH',2,1636,'1998-04-01 00:00:00','1998-04-07 00:00:00',14.0000,111,0,60,0),(34,11008,'ERNSH',7,1643,'1998-04-08 00:00:00',NULL,14.0000,111,0,90,0),(34,10386,'FAMIA',9,1167,'1996-12-18 00:00:00','1996-12-25 00:00:00',11.2000,111,0,10,0),(34,11063,'HUNGO',3,1665,'1998-04-30 00:00:00','1998-05-06 00:00:00',14.0000,111,0,30,0),(34,10315,'ISLAT',4,1084,'1996-09-26 00:00:00','1996-10-03 00:00:00',11.2000,111,0,14,0),(34,10358,'LAMAI',5,1139,'1996-11-20 00:00:00','1996-11-27 00:00:00',11.2000,111,0,10,0),(34,10287,'RICAR',8,1049,'1996-08-22 00:00:00','1996-08-28 00:00:00',11.2000,111,0,20,0),(34,10700,'SAVEA',3,1463,'1997-10-10 00:00:00','1997-10-16 00:00:00',14.0000,111,0,12,0),(34,10757,'SAVEA',6,1511,'1997-11-27 00:00:00','1997-12-15 00:00:00',14.0000,111,0,30,0),(34,10805,'THEBI',2,1544,'1997-12-30 00:00:00','1998-01-09 00:00:00',14.0000,111,0,10,0),(34,10438,'TOMSP',3,1217,'1997-02-06 00:00:00','1997-02-14 00:00:00',11.2000,111,0,20,0),(34,10548,'TOMSP',3,1326,'1997-05-26 00:00:00','1997-06-02 00:00:00',14.0000,111,0,10,0),(34,10688,'VAFFE',4,1454,'1997-10-01 00:00:00','1997-10-07 00:00:00',14.0000,111,0,14,0),(34,10367,'VAFFE',7,1147,'1996-11-28 00:00:00','1996-12-02 00:00:00',11.2000,111,0,36,0),(34,10483,'WHITC',7,1263,'1997-03-24 00:00:00','1997-04-25 00:00:00',11.2000,111,0,35,0),(34,11066,'WHITC',7,1666,'1998-05-01 00:00:00','1998-05-04 00:00:00',14.0000,111,0,35,0),(35,10864,'AROUT',4,1578,'1998-02-02 00:00:00','1998-02-09 00:00:00',18.0000,20,0,4,0),(35,10444,'BERGS',3,1223,'1997-02-12 00:00:00','1997-02-21 00:00:00',14.4000,20,0,8,0),(35,10578,'BSBEV',4,1355,'1997-06-24 00:00:00','1997-07-25 00:00:00',18.0000,20,0,20,0),(35,10521,'CACTU',8,1299,'1997-04-29 00:00:00','1997-05-02 00:00:00',18.0000,20,0,3,0),(35,10400,'EASTC',1,1181,'1997-01-01 00:00:00','1997-01-16 00:00:00',14.4000,20,0,35,0),(35,10595,'ERNSH',2,1371,'1997-07-10 00:00:00','1997-07-14 00:00:00',18.0000,20,0,30,0),(35,10390,'ERNSH',6,1172,'1996-12-23 00:00:00','1996-12-26 00:00:00',14.4000,20,0,40,0),(35,10836,'ERNSH',7,1561,'1998-01-16 00:00:00','1998-01-21 00:00:00',18.0000,20,0,6,0),(35,10789,'FOLIG',1,1536,'1997-12-22 00:00:00','1997-12-31 00:00:00',18.0000,20,0,15,0),(35,10623,'FRANK',8,1399,'1997-08-07 00:00:00','1997-08-12 00:00:00',18.0000,20,0,30,0),(35,10551,'FURIB',4,1328,'1997-05-28 00:00:00','1997-06-06 00:00:00',18.0000,20,0,20,0),(35,10589,'GREAL',8,1365,'1997-07-04 00:00:00','1997-07-14 00:00:00',18.0000,20,0,4,0),(35,10957,'HILAA',8,1622,'1998-03-18 00:00:00','1998-03-27 00:00:00',18.0000,20,0,40,0),(35,10321,'ISLAT',3,1091,'1996-10-03 00:00:00','1996-10-11 00:00:00',14.4000,20,0,10,0),(35,11039,'LINOD',1,1656,'1998-04-21 00:00:00',NULL,18.0000,20,0,24,0),(35,10697,'LINOD',3,1461,'1997-10-08 00:00:00','1997-10-14 00:00:00',18.0000,20,0,9,0),(35,10424,'MEREP',7,1203,'1997-01-23 00:00:00','1997-01-27 00:00:00',14.4000,20,0,60,0),(35,10587,'QUEDE',1,1363,'1997-07-02 00:00:00','1997-07-09 00:00:00',18.0000,20,0,20,0),(35,10261,'QUEDE',4,1015,'1996-07-19 00:00:00','1996-07-30 00:00:00',14.4000,20,0,20,0),(35,10720,'QUEDE',8,1481,'1997-10-28 00:00:00','1997-11-05 00:00:00',18.0000,20,0,21,0),(35,10868,'QUEEN',7,1580,'1998-02-04 00:00:00','1998-02-23 00:00:00',18.0000,20,0,30,0),(35,10286,'QUICK',8,1048,'1996-08-21 00:00:00','1996-08-30 00:00:00',14.4000,20,0,100,0),(35,10845,'QUICK',8,1566,'1998-01-21 00:00:00','1998-01-30 00:00:00',18.0000,20,0,25,0),(35,10281,'ROMEY',4,1041,'1996-08-14 00:00:00','1996-08-21 00:00:00',14.4000,20,0,4,0),(35,10831,'SANTG',3,1559,'1998-01-14 00:00:00','1998-01-23 00:00:00',18.0000,20,0,8,0),(35,10398,'SAVEA',2,1179,'1996-12-30 00:00:00','1997-01-09 00:00:00',14.4000,20,0,30,0),(35,11002,'SAVEA',4,1641,'1998-04-06 00:00:00','1998-04-16 00:00:00',18.0000,20,0,15,0),(35,10324,'SAVEA',9,1096,'1996-10-08 00:00:00','1996-10-10 00:00:00',14.4000,20,0,70,0),(35,10821,'SPLIR',1,1553,'1998-01-08 00:00:00','1998-01-15 00:00:00',18.0000,20,0,20,0),(35,11035,'SUPRD',2,1655,'1998-04-20 00:00:00','1998-04-24 00:00:00',18.0000,20,0,60,0),(35,10921,'VAFFE',1,1607,'1998-03-03 00:00:00','1998-03-09 00:00:00',18.0000,20,0,10,0),(35,10546,'VICTE',1,1323,'1997-05-23 00:00:00','1997-05-27 00:00:00',18.0000,20,0,30,0),(35,11046,'WANDK',8,1658,'1998-04-23 00:00:00','1998-04-24 00:00:00',18.0000,20,0,18,0),(35,10553,'WARTH',2,1330,'1997-05-30 00:00:00','1997-06-03 00:00:00',18.0000,20,0,6,0),(35,10740,'WHITC',4,1497,'1997-11-13 00:00:00','1997-11-25 00:00:00',18.0000,20,0,35,0),(35,10870,'WOLZA',5,1580,'1998-02-04 00:00:00','1998-02-13 00:00:00',18.0000,20,0,3,0),(36,11016,'AROUT',9,1645,'1998-04-10 00:00:00','1998-04-13 00:00:00',19.0000,112,0,16,0),(36,10525,'BONAP',1,1302,'1997-05-02 00:00:00','1997-05-23 00:00:00',19.0000,112,0,30,0),(36,10337,'FRANK',4,1112,'1996-10-24 00:00:00','1996-10-29 00:00:00',15.2000,112,0,20,0),(36,10342,'FRANK',4,1118,'1996-10-30 00:00:00','1996-11-04 00:00:00',15.2000,112,0,40,0),(36,11009,'GODOS',2,1643,'1998-04-08 00:00:00','1998-04-10 00:00:00',19.0000,112,0,18,0),(36,10936,'GREAL',3,1613,'1998-03-09 00:00:00','1998-03-18 00:00:00',19.0000,112,0,30,0),(36,10925,'HANAR',3,1608,'1998-03-04 00:00:00','1998-03-13 00:00:00',19.0000,112,0,25,0),(36,10645,'HANAR',4,1418,'1997-08-26 00:00:00','1997-09-02 00:00:00',19.0000,112,0,15,0),(36,10298,'HUNGO',6,1063,'1996-09-05 00:00:00','1996-09-11 00:00:00',15.2000,112,0,40,0),(36,10687,'HUNGO',9,1453,'1997-09-30 00:00:00','1997-10-30 00:00:00',19.0000,112,0,6,0),(36,10718,'KOENE',1,1480,'1997-10-27 00:00:00','1997-10-29 00:00:00',19.0000,112,0,40,0),(36,10893,'KOENE',9,1594,'1998-02-18 00:00:00','1998-02-20 00:00:00',19.0000,112,0,20,0),(36,10371,'LAMAI',1,1152,'1996-12-03 00:00:00','1996-12-24 00:00:00',15.2000,112,0,6,0),(36,10358,'LAMAI',5,1139,'1996-11-20 00:00:00','1996-11-27 00:00:00',15.2000,112,0,20,0),(36,10610,'LAMAI',8,1386,'1997-07-25 00:00:00','1997-08-06 00:00:00',19.0000,112,0,21,0),(36,10838,'LINOD',3,1564,'1998-01-19 00:00:00','1998-01-23 00:00:00',19.0000,112,0,50,0),(36,10784,'MAGAA',4,1532,'1997-12-18 00:00:00','1997-12-22 00:00:00',19.0000,112,0,30,0),(36,10406,'QUEEN',7,1187,'1997-01-07 00:00:00','1997-01-13 00:00:00',15.2000,112,0,5,0),(36,10313,'QUICK',2,1082,'1996-09-24 00:00:00','1996-10-04 00:00:00',15.2000,112,0,12,0),(36,10527,'QUICK',7,1305,'1997-05-05 00:00:00','1997-05-07 00:00:00',19.0000,112,0,30,0),(36,10563,'RICAR',2,1341,'1997-06-10 00:00:00','1997-06-24 00:00:00',19.0000,112,0,25,0),(36,10255,'RICSU',9,1008,'1996-07-12 00:00:00','1996-07-15 00:00:00',15.2000,112,0,25,0),(36,10612,'SAVEA',1,1389,'1997-07-28 00:00:00','1997-08-01 00:00:00',19.0000,112,0,55,0),(36,10984,'SAVEA',1,1634,'1998-03-30 00:00:00','1998-04-03 00:00:00',19.0000,112,0,40,0),(36,10547,'SEVES',3,1323,'1997-05-23 00:00:00','1997-06-02 00:00:00',19.0000,112,0,60,0),(36,10669,'SIMOB',2,1438,'1997-09-15 00:00:00','1997-09-22 00:00:00',19.0000,112,0,30,0),(36,10756,'SPLIR',8,1511,'1997-11-27 00:00:00','1997-12-02 00:00:00',19.0000,112,0,20,0),(36,10708,'THEBI',6,1470,'1997-10-17 00:00:00','1997-11-05 00:00:00',19.0000,112,0,5,0),(36,10739,'VINET',3,1496,'1997-11-12 00:00:00','1997-11-17 00:00:00',19.0000,112,0,6,0),(36,10270,'WARTH',1,1028,'1996-08-01 00:00:00','1996-08-02 00:00:00',15.2000,112,0,30,0),(36,11032,'WHITC',2,1652,'1998-04-17 00:00:00','1998-04-23 00:00:00',19.0000,112,0,35,0),(37,10259,'CENTC',4,1014,'1996-07-18 00:00:00','1996-07-25 00:00:00',20.8000,11,50,1,0),(37,10966,'CHOPS',4,1624,'1998-03-20 00:00:00','1998-04-08 00:00:00',26.0000,11,50,8,0),(37,10408,'FOLIG',8,1188,'1997-01-08 00:00:00','1997-01-14 00:00:00',20.8000,11,50,10,0),(37,10337,'FRANK',4,1112,'1996-10-24 00:00:00','1996-10-29 00:00:00',20.8000,11,50,28,0),(37,10847,'SAVEA',4,1567,'1998-01-22 00:00:00','1998-02-10 00:00:00',26.0000,11,50,60,0),(37,10523,'SEVES',7,1301,'1997-05-01 00:00:00','1997-05-30 00:00:00',26.0000,11,50,18,0),(38,10672,'BERGS',9,1440,'1997-09-17 00:00:00','1997-09-26 00:00:00',263.5000,17,0,15,0),(38,10360,'BLONP',4,1141,'1996-11-22 00:00:00','1996-12-02 00:00:00',210.8000,17,0,10,0),(38,10351,'ERNSH',1,1130,'1996-11-11 00:00:00','1996-11-20 00:00:00',210.8000,17,0,20,0),(38,10616,'GREAL',1,1392,'1997-07-31 00:00:00','1997-08-05 00:00:00',263.5000,17,0,15,0),(38,10816,'GREAL',4,1551,'1998-01-06 00:00:00','1998-02-04 00:00:00',263.5000,17,0,30,0),(38,10981,'HANAR',1,1631,'1998-03-27 00:00:00','1998-04-02 00:00:00',263.5000,17,0,60,0),(38,10541,'HANAR',2,1319,'1997-05-19 00:00:00','1997-05-29 00:00:00',263.5000,17,0,4,0),(38,10783,'HANAR',4,1532,'1997-12-18 00:00:00','1997-12-19 00:00:00',263.5000,17,0,5,0),(38,10817,'KOENE',3,1551,'1998-01-06 00:00:00','1998-01-13 00:00:00',263.5000,17,0,30,0),(38,10424,'MEREP',7,1203,'1997-01-23 00:00:00','1997-01-27 00:00:00',210.8000,17,0,49,0),(38,10353,'PICCO',7,1132,'1996-11-13 00:00:00','1996-11-25 00:00:00',210.8000,17,0,50,0),(38,10372,'QUEEN',5,1153,'1996-12-04 00:00:00','1996-12-09 00:00:00',210.8000,17,0,40,0),(38,10865,'QUICK',2,1578,'1998-02-02 00:00:00','1998-02-12 00:00:00',263.5000,17,0,60,0),(38,10540,'QUICK',3,1319,'1997-05-19 00:00:00','1997-06-13 00:00:00',263.5000,17,0,30,0),(38,10828,'RANCH',9,1558,'1998-01-13 00:00:00','1998-02-04 00:00:00',263.5000,17,0,2,0),(38,10479,'RATTC',3,1258,'1997-03-19 00:00:00','1997-03-21 00:00:00',210.8000,17,0,30,0),(38,10889,'RATTC',9,1592,'1998-02-16 00:00:00','1998-02-23 00:00:00',263.5000,17,0,40,0),(38,10831,'SANTG',3,1559,'1998-01-14 00:00:00','1998-01-23 00:00:00',263.5000,17,0,8,0),(38,10417,'SIMOB',4,1196,'1997-01-16 00:00:00','1997-01-28 00:00:00',210.8000,17,0,50,0),(38,10964,'SPECD',3,1624,'1998-03-20 00:00:00','1998-03-24 00:00:00',263.5000,17,0,5,0),(38,10329,'SPLIR',4,1103,'1996-10-15 00:00:00','1996-10-23 00:00:00',210.8000,17,0,20,0),(38,10805,'THEBI',2,1544,'1997-12-30 00:00:00','1998-01-09 00:00:00',263.5000,17,0,10,0),(38,10518,'TORTU',4,1295,'1997-04-25 00:00:00','1997-05-05 00:00:00',263.5000,17,0,15,0),(38,11032,'WHITC',2,1652,'1998-04-17 00:00:00','1998-04-23 00:00:00',263.5000,17,0,25,0),(39,10643,'ALFKI',6,1417,'1997-08-25 00:00:00','1997-09-02 00:00:00',18.0000,69,0,21,0),(39,10445,'BERGS',3,1224,'1997-02-13 00:00:00','1997-02-20 00:00:00',14.4000,69,0,6,0),(39,10654,'BERGS',5,1425,'1997-09-02 00:00:00','1997-09-11 00:00:00',18.0000,69,0,20,0),(39,10614,'BLAUS',8,1390,'1997-07-29 00:00:00','1997-08-01 00:00:00',18.0000,69,0,5,0),(39,10297,'BLONP',5,1062,'1996-09-04 00:00:00','1996-09-10 00:00:00',14.4000,69,0,60,0),(39,10827,'BONAP',1,1557,'1998-01-12 00:00:00','1998-02-06 00:00:00',18.0000,69,0,21,0),(39,10895,'ERNSH',3,1594,'1998-02-18 00:00:00','1998-02-23 00:00:00',18.0000,69,0,45,0),(39,10764,'ERNSH',6,1517,'1997-12-03 00:00:00','1997-12-08 00:00:00',18.0000,69,0,130,0),(39,10347,'FAMIA',4,1125,'1996-11-06 00:00:00','1996-11-08 00:00:00',14.4000,69,0,50,0),(39,10762,'FOLKO',3,1516,'1997-12-02 00:00:00','1997-12-09 00:00:00',18.0000,69,0,16,0),(39,10977,'FOLKO',8,1630,'1998-03-26 00:00:00','1998-04-10 00:00:00',18.0000,69,0,30,0),(39,10253,'HANAR',3,1006,'1996-07-10 00:00:00','1996-07-16 00:00:00',14.4000,69,0,42,0),(39,10257,'HILAA',4,1012,'1996-07-16 00:00:00','1996-07-22 00:00:00',14.4000,69,0,6,0),(39,10661,'HUNGO',7,1432,'1997-09-09 00:00:00','1997-09-15 00:00:00',18.0000,69,0,3,0),(39,10323,'KOENE',4,1095,'1996-10-07 00:00:00','1996-10-14 00:00:00',14.4000,69,0,4,0),(39,10899,'LILAS',5,1596,'1998-02-20 00:00:00','1998-02-26 00:00:00',18.0000,69,0,8,0),(39,10840,'LINOD',4,1564,'1998-01-19 00:00:00','1998-02-16 00:00:00',18.0000,69,0,10,0),(39,10784,'MAGAA',4,1532,'1997-12-18 00:00:00','1997-12-22 00:00:00',18.0000,69,0,2,0),(39,10305,'OLDWO',8,1071,'1996-09-13 00:00:00','1996-10-09 00:00:00',14.4000,69,0,30,0),(39,10508,'OTTIK',1,1286,'1997-04-16 00:00:00','1997-05-13 00:00:00',18.0000,69,0,10,0),(39,10477,'PRINI',5,1256,'1997-03-17 00:00:00','1997-03-25 00:00:00',14.4000,69,0,20,0),(39,10647,'QUEDE',4,1419,'1997-08-27 00:00:00','1997-09-03 00:00:00',18.0000,69,0,20,0),(39,10361,'QUICK',1,1141,'1996-11-22 00:00:00','1996-12-03 00:00:00',14.4000,69,0,54,0),(39,10865,'QUICK',2,1578,'1998-02-02 00:00:00','1998-02-12 00:00:00',18.0000,69,0,80,0),(39,10377,'SEVES',1,1158,'1996-12-09 00:00:00','1996-12-13 00:00:00',14.4000,69,0,20,0),(39,11069,'TORTU',1,1669,'1998-05-04 00:00:00','1998-05-06 00:00:00',18.0000,69,0,20,0),(39,10830,'TRADH',4,1558,'1998-01-13 00:00:00','1998-01-21 00:00:00',18.0000,69,0,28,0),(39,10577,'TRAIH',9,1354,'1997-06-23 00:00:00','1997-06-30 00:00:00',18.0000,69,0,10,0),(39,10455,'WARTH',8,1235,'1997-02-24 00:00:00','1997-03-03 00:00:00',14.4000,69,0,20,0),(40,10535,'ANTON',4,1313,'1997-05-13 00:00:00','1997-05-21 00:00:00',18.4000,123,0,10,0),(40,10572,'BERGS',3,1349,'1997-06-18 00:00:00','1997-06-25 00:00:00',18.4000,123,0,50,0),(40,10837,'BERGS',9,1561,'1998-01-16 00:00:00','1998-01-23 00:00:00',18.4000,123,0,25,0),(40,10525,'BONAP',1,1302,'1997-05-02 00:00:00','1997-05-23 00:00:00',18.4000,123,0,15,0),(40,10663,'BONAP',2,1433,'1997-09-10 00:00:00','1997-10-03 00:00:00',18.4000,123,0,30,0),(40,10431,'BOTTM',4,1210,'1997-01-30 00:00:00','1997-02-07 00:00:00',14.7000,123,0,50,0),(40,10484,'BSBEV',3,1263,'1997-03-24 00:00:00','1997-04-01 00:00:00',14.7000,123,0,10,0),(40,10895,'ERNSH',3,1594,'1998-02-18 00:00:00','1998-02-23 00:00:00',18.4000,123,0,91,0),(40,10347,'FAMIA',4,1125,'1996-11-06 00:00:00','1996-11-08 00:00:00',14.7000,123,0,4,0),(40,10267,'FRANK',4,1025,'1996-07-29 00:00:00','1996-08-06 00:00:00',14.7000,123,0,50,0),(40,10807,'FRANS',4,1545,'1997-12-31 00:00:00','1998-01-30 00:00:00',18.4000,123,0,1,0),(40,10303,'GODOS',7,1069,'1996-09-11 00:00:00','1996-09-18 00:00:00',14.7000,123,0,40,0),(40,10641,'HILAA',4,1414,'1997-08-22 00:00:00','1997-08-26 00:00:00',18.4000,123,0,60,0),(40,10498,'HILAA',8,1277,'1997-04-07 00:00:00','1997-04-11 00:00:00',18.4000,123,0,5,0),(40,11063,'HUNGO',3,1665,'1998-04-30 00:00:00','1998-05-06 00:00:00',18.4000,123,0,40,0),(40,10817,'KOENE',3,1551,'1998-01-06 00:00:00','1998-01-13 00:00:00',18.4000,123,0,60,0),(40,10482,'LAZYK',1,1260,'1997-03-21 00:00:00','1997-04-10 00:00:00',14.7000,123,0,10,0),(40,10522,'LEHMS',4,1300,'1997-04-30 00:00:00','1997-05-06 00:00:00',18.4000,123,0,25,0),(40,10534,'LEHMS',8,1312,'1997-05-12 00:00:00','1997-05-14 00:00:00',18.4000,123,0,10,0),(40,10919,'LINOD',2,1606,'1998-03-02 00:00:00','1998-03-04 00:00:00',18.4000,123,0,20,0),(40,10811,'LINOD',8,1547,'1998-01-02 00:00:00','1998-01-08 00:00:00',18.4000,123,0,30,0),(40,10754,'MAGAA',6,1509,'1997-11-25 00:00:00','1997-11-27 00:00:00',18.4000,123,0,3,0),(40,10978,'MAISD',9,1630,'1998-03-26 00:00:00','1998-04-23 00:00:00',18.4000,123,0,10,0),(40,10684,'OTTIK',3,1449,'1997-09-26 00:00:00','1997-09-30 00:00:00',18.4000,123,0,20,0),(40,10474,'PERIC',5,1252,'1997-03-13 00:00:00','1997-03-21 00:00:00',14.7000,123,0,21,0),(40,10728,'QUEEN',4,1488,'1997-11-04 00:00:00','1997-11-11 00:00:00',18.4000,123,0,6,0),(40,10406,'QUEEN',7,1187,'1997-01-07 00:00:00','1997-01-13 00:00:00',14.7000,123,0,2,0),(40,10659,'QUEEN',7,1428,'1997-09-05 00:00:00','1997-09-10 00:00:00',18.4000,123,0,24,0),(40,10285,'QUICK',1,1047,'1996-08-20 00:00:00','1996-08-26 00:00:00',14.7000,123,0,40,0),(40,10273,'QUICK',3,1032,'1996-08-05 00:00:00','1996-08-12 00:00:00',14.7000,123,0,60,0),(40,10658,'QUICK',4,1428,'1997-09-05 00:00:00','1997-09-08 00:00:00',18.4000,123,0,70,0),(40,10448,'RANCH',4,1228,'1997-02-17 00:00:00','1997-02-24 00:00:00',14.7000,123,0,20,0),(40,10748,'SAVEA',3,1504,'1997-11-20 00:00:00','1997-11-28 00:00:00',18.4000,123,0,40,0),(40,10607,'SAVEA',5,1383,'1997-07-22 00:00:00','1997-07-25 00:00:00',18.4000,123,0,42,0),(40,11038,'SUPRD',1,1656,'1998-04-21 00:00:00','1998-04-30 00:00:00',18.4000,123,0,5,0),(40,11003,'THECR',3,1641,'1998-04-06 00:00:00','1998-04-08 00:00:00',18.4000,123,0,10,0),(40,10574,'TRAIH',4,1350,'1997-06-19 00:00:00','1997-06-30 00:00:00',18.4000,123,0,2,0),(40,10465,'VAFFE',1,1244,'1997-03-05 00:00:00','1997-03-14 00:00:00',14.7000,123,0,20,0),(40,10744,'VAFFE',6,1501,'1997-11-17 00:00:00','1997-11-24 00:00:00',18.4000,123,0,50,0),(40,10301,'WANDK',8,1067,'1996-09-09 00:00:00','1996-09-17 00:00:00',14.7000,123,0,10,0),(40,10879,'WILMK',3,1586,'1998-02-10 00:00:00','1998-02-12 00:00:00',18.4000,123,0,12,0),(41,10793,'AROUT',3,1538,'1997-12-24 00:00:00','1998-01-08 00:00:00',9.6500,85,0,14,0),(41,10444,'BERGS',3,1223,'1997-02-12 00:00:00','1997-02-21 00:00:00',7.7000,85,0,30,0),(41,10778,'BERGS',3,1530,'1997-12-16 00:00:00','1997-12-24 00:00:00',9.6500,85,0,10,0),(41,10559,'BLONP',6,1336,'1997-06-05 00:00:00','1997-06-13 00:00:00',9.6500,85,0,12,0),(41,10340,'BONAP',1,1117,'1996-10-29 00:00:00','1996-11-08 00:00:00',7.7000,85,0,12,0),(41,10411,'BOTTM',9,1190,'1997-01-10 00:00:00','1997-01-21 00:00:00',7.7000,85,0,25,0),(41,10521,'CACTU',8,1299,'1997-04-29 00:00:00','1997-05-02 00:00:00',9.6500,85,0,10,0),(41,11067,'DRACD',1,1669,'1998-05-04 00:00:00','1998-05-06 00:00:00',9.6500,85,0,9,0),(41,10890,'DUMON',7,1592,'1998-02-16 00:00:00','1998-02-18 00:00:00',9.6500,85,0,14,0),(41,10351,'ERNSH',1,1130,'1996-11-11 00:00:00','1996-11-20 00:00:00',7.7000,85,0,13,0),(41,11072,'ERNSH',4,1670,'1998-05-05 00:00:00',NULL,9.6500,85,0,40,0),(41,10725,'FAMIA',4,1484,'1997-10-31 00:00:00','1997-11-05 00:00:00',9.6500,85,0,12,0),(41,10264,'FOLKO',6,1020,'1996-07-24 00:00:00','1996-08-23 00:00:00',7.7000,85,0,25,0),(41,10993,'FOLKO',7,1636,'1998-04-01 00:00:00','1998-04-10 00:00:00',9.6500,85,0,35,0),(41,10824,'FOLKO',8,1554,'1998-01-09 00:00:00','1998-01-30 00:00:00',9.6500,85,0,12,0),(41,10791,'FRANK',6,1537,'1997-12-23 00:00:00','1998-01-01 00:00:00',9.6500,85,0,20,0),(41,10685,'GOURL',4,1452,'1997-09-29 00:00:00','1997-10-03 00:00:00',9.6500,85,0,4,0),(41,10250,'HANAR',4,1004,'1996-07-08 00:00:00','1996-07-12 00:00:00',7.7000,85,0,10,0),(41,10960,'HILAA',3,1623,'1998-03-19 00:00:00','1998-04-08 00:00:00',9.6500,85,0,24,0),(41,10901,'HILAA',4,1599,'1998-02-23 00:00:00','1998-02-26 00:00:00',9.6500,85,0,30,0),(41,10516,'HUNGO',2,1294,'1997-04-24 00:00:00','1997-05-01 00:00:00',9.6500,85,0,80,0),(41,11063,'HUNGO',3,1665,'1998-04-30 00:00:00','1998-05-06 00:00:00',9.6500,85,0,30,0),(41,10318,'ISLAT',8,1089,'1996-10-01 00:00:00','1996-10-04 00:00:00',7.7000,85,0,20,0),(41,10973,'LACOR',6,1628,'1998-03-24 00:00:00','1998-03-27 00:00:00',9.6500,85,0,6,0),(41,10495,'LAUGB',3,1273,'1997-04-03 00:00:00','1997-04-11 00:00:00',7.7000,85,0,20,0),(41,11014,'LINOD',2,1645,'1998-04-10 00:00:00','1998-04-15 00:00:00',9.6500,85,0,28,0),(41,10818,'MAGAA',7,1552,'1998-01-07 00:00:00','1998-01-12 00:00:00',9.6500,85,0,20,0),(41,10260,'OTTIK',4,1015,'1996-07-19 00:00:00','1996-07-29 00:00:00',7.7000,85,0,16,0),(41,10580,'OTTIK',4,1357,'1997-06-26 00:00:00','1997-07-01 00:00:00',9.6500,85,0,9,0),(41,10999,'OTTIK',6,1638,'1998-04-03 00:00:00','1998-04-10 00:00:00',9.6500,85,0,20,0),(41,10747,'PICCO',6,1503,'1997-11-19 00:00:00','1997-11-26 00:00:00',9.6500,85,0,35,0),(41,10379,'QUEDE',2,1160,'1996-12-11 00:00:00','1996-12-13 00:00:00',7.7000,85,0,8,0),(41,10989,'QUEDE',2,1635,'1998-03-31 00:00:00','1998-04-02 00:00:00',9.6500,85,0,4,0),(41,10316,'RATTC',1,1085,'1996-09-27 00:00:00','1996-10-08 00:00:00',7.7000,85,0,10,0),(41,10655,'REGGC',1,1426,'1997-09-03 00:00:00','1997-09-11 00:00:00',9.6500,85,0,20,0),(41,10951,'RICSU',9,1620,'1998-03-16 00:00:00','1998-04-07 00:00:00',9.6500,85,0,6,0),(41,10909,'SANTG',1,1602,'1998-02-26 00:00:00','1998-03-10 00:00:00',9.6500,85,0,5,0),(41,11064,'SAVEA',1,1666,'1998-05-01 00:00:00','1998-05-04 00:00:00',9.6500,85,0,12,0),(41,10657,'SAVEA',2,1427,'1997-09-04 00:00:00','1997-09-15 00:00:00',9.6500,85,0,24,0),(41,10711,'SAVEA',5,1474,'1997-10-21 00:00:00','1997-10-29 00:00:00',9.6500,85,0,42,0),(41,10678,'SAVEA',7,1446,'1997-09-23 00:00:00','1997-10-16 00:00:00',9.6500,85,0,120,0),(41,10523,'SEVES',7,1301,'1997-05-01 00:00:00','1997-05-30 00:00:00',9.6500,85,0,6,0),(41,10548,'TOMSP',3,1326,'1997-05-26 00:00:00','1997-06-02 00:00:00',9.6500,85,0,14,0),(41,10769,'VAFFE',3,1522,'1997-12-08 00:00:00','1997-12-12 00:00:00',9.6500,85,0,30,0),(41,10814,'VICTE',3,1550,'1998-01-05 00:00:00','1998-01-14 00:00:00',9.6500,85,0,20,0),(41,10737,'VINET',2,1495,'1997-11-11 00:00:00','1997-11-18 00:00:00',9.6500,85,0,12,0),(42,10625,'ANATR',3,1400,'1997-08-08 00:00:00','1997-08-14 00:00:00',14.0000,26,0,5,0),(42,10856,'ANTON',3,1573,'1998-01-28 00:00:00','1998-02-10 00:00:00',14.0000,26,0,20,0),(42,10663,'BONAP',2,1433,'1997-09-10 00:00:00','1997-10-03 00:00:00',14.0000,26,0,30,0),(42,10492,'BOTTM',3,1271,'1997-04-01 00:00:00','1997-04-11 00:00:00',11.2000,26,0,20,0),(42,10746,'CHOPS',1,1503,'1997-11-19 00:00:00','1997-11-21 00:00:00',14.0000,26,0,28,0),(42,10311,'DUMON',1,1078,'1996-09-20 00:00:00','1996-09-26 00:00:00',11.2000,26,0,6,0),(42,10776,'ERNSH',1,1529,'1997-12-15 00:00:00','1997-12-18 00:00:00',14.0000,26,0,12,0),(42,10571,'ERNSH',8,1348,'1997-06-17 00:00:00','1997-07-04 00:00:00',14.0000,26,0,28,0),(42,10652,'GOURL',4,1424,'1997-09-01 00:00:00','1997-09-08 00:00:00',14.0000,26,0,20,0),(42,10777,'GOURL',7,1529,'1997-12-15 00:00:00','1998-01-21 00:00:00',14.0000,26,0,20,0),(42,10498,'HILAA',8,1277,'1997-04-07 00:00:00','1997-04-11 00:00:00',14.0000,26,0,30,0),(42,10516,'HUNGO',2,1294,'1997-04-24 00:00:00','1997-05-01 00:00:00',14.0000,26,0,20,0),(42,10309,'HUNGO',3,1077,'1996-09-19 00:00:00','1996-10-23 00:00:00',11.2000,26,0,2,0),(42,10923,'LAMAI',7,1607,'1998-03-03 00:00:00','1998-03-13 00:00:00',14.0000,26,0,10,0),(42,10404,'MAGAA',2,1183,'1997-01-03 00:00:00','1997-01-08 00:00:00',11.2000,26,0,40,0),(42,10332,'MEREP',3,1105,'1996-10-17 00:00:00','1996-10-21 00:00:00',11.2000,26,0,10,0),(42,10680,'OLDWO',1,1447,'1997-09-24 00:00:00','1997-09-26 00:00:00',14.0000,26,0,40,0),(42,11007,'PRINI',8,1643,'1998-04-08 00:00:00','1998-04-13 00:00:00',14.0000,26,0,14,0),(42,10345,'QUICK',2,1123,'1996-11-04 00:00:00','1996-11-11 00:00:00',11.2000,26,0,9,0),(42,10588,'QUICK',2,1364,'1997-07-03 00:00:00','1997-07-10 00:00:00',14.0000,26,0,100,0),(42,10996,'QUICK',4,1637,'1998-04-02 00:00:00','1998-04-10 00:00:00',14.0000,26,0,40,0),(42,10845,'QUICK',8,1566,'1998-01-21 00:00:00','1998-01-30 00:00:00',14.0000,26,0,42,0),(42,11013,'ROMEY',2,1644,'1998-04-09 00:00:00','1998-04-10 00:00:00',14.0000,26,0,4,0),(42,10882,'SAVEA',4,1587,'1998-02-11 00:00:00','1998-02-20 00:00:00',14.0000,26,0,25,0),(42,11002,'SAVEA',4,1641,'1998-04-06 00:00:00','1998-04-16 00:00:00',14.0000,26,0,24,0),(42,11035,'SUPRD',2,1655,'1998-04-20 00:00:00','1998-04-24 00:00:00',14.0000,26,0,30,0),(42,10767,'SUPRD',4,1519,'1997-12-05 00:00:00','1997-12-15 00:00:00',14.0000,26,0,2,0),(42,10463,'SUPRD',5,1243,'1997-03-04 00:00:00','1997-03-06 00:00:00',11.2000,26,0,50,0),(42,10248,'VINET',5,1000,'1996-07-04 00:00:00','1996-07-16 00:00:00',9.8000,26,0,10,0),(42,10673,'WILMK',2,1441,'1997-09-18 00:00:00','1997-09-19 00:00:00',14.0000,26,0,6,0),(43,10507,'ANTON',7,1285,'1997-04-15 00:00:00','1997-04-22 00:00:00',46.0000,17,10,15,0),(43,10524,'BERGS',1,1301,'1997-05-01 00:00:00','1997-05-07 00:00:00',46.0000,17,10,60,0),(43,10340,'BONAP',1,1117,'1996-10-29 00:00:00','1996-11-08 00:00:00',36.8000,17,10,40,0),(43,10982,'BOTTM',2,1631,'1998-03-27 00:00:00','1998-04-08 00:00:00',46.0000,17,10,9,0),(43,11023,'BSBEV',1,1649,'1998-04-14 00:00:00','1998-04-24 00:00:00',46.0000,17,10,30,0),(43,10819,'CACTU',2,1552,'1998-01-07 00:00:00','1998-01-16 00:00:00',46.0000,17,10,7,0),(43,10987,'EASTC',8,1635,'1998-03-31 00:00:00','1998-04-06 00:00:00',46.0000,17,10,6,0),(43,10464,'FURIB',4,1243,'1997-03-04 00:00:00','1997-03-14 00:00:00',36.8000,17,10,3,0),(43,11052,'HANAR',3,1662,'1998-04-27 00:00:00','1998-05-01 00:00:00',46.0000,17,10,30,0),(43,10309,'HUNGO',3,1077,'1996-09-19 00:00:00','1996-10-23 00:00:00',36.8000,17,10,20,0),(43,10468,'KOENE',3,1246,'1997-03-07 00:00:00','1997-03-12 00:00:00',36.8000,17,10,15,0),(43,10923,'LAMAI',7,1607,'1998-03-03 00:00:00','1998-03-13 00:00:00',46.0000,17,10,10,0),(43,10760,'MAISD',4,1515,'1997-12-01 00:00:00','1997-12-10 00:00:00',46.0000,17,10,30,0),(43,10706,'OLDWO',8,1469,'1997-10-16 00:00:00','1997-10-21 00:00:00',46.0000,17,10,24,0),(43,10530,'PICCO',3,1308,'1997-05-08 00:00:00','1997-05-12 00:00:00',46.0000,17,10,25,0),(43,11068,'QUEEN',8,1669,'1998-05-04 00:00:00',NULL,46.0000,17,10,36,0),(43,10691,'QUICK',2,1456,'1997-10-03 00:00:00','1997-10-22 00:00:00',46.0000,17,10,40,0),(43,10938,'QUICK',3,1614,'1998-03-10 00:00:00','1998-03-16 00:00:00',46.0000,17,10,24,0),(43,10294,'RATTC',4,1057,'1996-08-30 00:00:00','1996-09-05 00:00:00',36.8000,17,10,15,0),(43,10831,'SANTG',3,1559,'1998-01-14 00:00:00','1998-01-23 00:00:00',46.0000,17,10,9,0),(43,10302,'SUPRD',4,1068,'1996-09-10 00:00:00','1996-10-09 00:00:00',36.8000,17,10,12,0),(43,10458,'SUPRD',7,1237,'1997-02-26 00:00:00','1997-03-04 00:00:00',36.8000,17,10,20,0),(43,10842,'TORTU',1,1565,'1998-01-20 00:00:00','1998-01-29 00:00:00',46.0000,17,10,5,0),(43,10814,'VICTE',3,1550,'1998-01-05 00:00:00','1998-01-14 00:00:00',46.0000,17,10,20,0),(43,10312,'WANDK',2,1081,'1996-09-23 00:00:00','1996-10-03 00:00:00',36.8000,17,10,24,0),(43,10270,'WARTH',1,1028,'1996-08-01 00:00:00','1996-08-02 00:00:00',36.8000,17,10,25,0),(43,10644,'WELLI',3,1417,'1997-08-25 00:00:00','1997-09-01 00:00:00',46.0000,17,10,20,0),(43,10673,'WILMK',2,1441,'1997-09-18 00:00:00','1997-09-19 00:00:00',46.0000,17,10,6,0),(44,10278,'BERGS',8,1039,'1996-08-12 00:00:00','1996-08-16 00:00:00',15.5000,27,0,16,0),(44,10944,'BOTTM',6,1616,'1998-03-12 00:00:00','1998-03-13 00:00:00',19.4500,27,0,18,0),(44,10411,'BOTTM',9,1190,'1997-01-10 00:00:00','1997-01-21 00:00:00',15.5000,27,0,40,0),(44,11042,'COMMI',2,1657,'1998-04-22 00:00:00','1998-05-01 00:00:00',19.4500,27,0,15,0),(44,10351,'ERNSH',1,1130,'1996-11-11 00:00:00','1996-11-20 00:00:00',15.5000,27,0,77,0),(44,10561,'FOLKO',2,1337,'1997-06-06 00:00:00','1997-06-09 00:00:00',19.4500,27,0,10,0),(44,10551,'FURIB',4,1328,'1997-05-28 00:00:00','1997-06-06 00:00:00',19.4500,27,0,40,0),(44,10491,'FURIB',8,1270,'1997-03-31 00:00:00','1997-04-08 00:00:00',15.5000,27,0,15,0),(44,10656,'GREAL',6,1427,'1997-09-04 00:00:00','1997-09-10 00:00:00',19.4500,27,0,28,0),(44,10796,'HILAA',3,1539,'1997-12-25 00:00:00','1998-01-14 00:00:00',19.4500,27,0,10,0),(44,10832,'LAMAI',2,1559,'1998-01-14 00:00:00','1998-01-19 00:00:00',19.4500,27,0,16,0),(44,10284,'LEHMS',4,1046,'1996-08-19 00:00:00','1996-08-27 00:00:00',15.5000,27,0,21,0),(44,10978,'MAISD',9,1630,'1998-03-26 00:00:00','1998-04-23 00:00:00',19.4500,27,0,6,0),(44,11034,'OLDWO',8,1655,'1998-04-20 00:00:00','1998-04-27 00:00:00',19.4500,27,0,12,0),(44,10291,'QUEDE',6,1054,'1996-08-27 00:00:00','1996-09-04 00:00:00',15.5000,27,0,24,0),(44,10691,'QUICK',2,1456,'1997-10-03 00:00:00','1997-10-22 00:00:00',19.4500,27,0,24,0),(44,10721,'QUICK',5,1482,'1997-10-29 00:00:00','1997-10-31 00:00:00',19.4500,27,0,50,0),(44,10745,'QUICK',9,1502,'1997-11-18 00:00:00','1997-11-27 00:00:00',19.4500,27,0,16,0),(44,10452,'SAVEA',8,1231,'1997-02-20 00:00:00','1997-02-26 00:00:00',15.5000,27,0,100,0),(44,10624,'THECR',4,1399,'1997-08-07 00:00:00','1997-08-19 00:00:00',19.4500,27,0,10,0),(44,10676,'TORTU',2,1445,'1997-09-22 00:00:00','1997-09-29 00:00:00',19.4500,27,0,21,0),(44,10576,'TORTU',3,1354,'1997-06-23 00:00:00','1997-06-30 00:00:00',19.4500,27,0,21,0),(44,10518,'TORTU',4,1295,'1997-04-25 00:00:00','1997-05-05 00:00:00',19.4500,27,0,9,0),(44,10469,'WHITC',1,1249,'1997-03-10 00:00:00','1997-03-14 00:00:00',15.5000,27,0,2,0),(45,10776,'ERNSH',1,1529,'1997-12-15 00:00:00','1997-12-18 00:00:00',9.5000,5,70,27,0),(45,10753,'FRANS',3,1509,'1997-11-25 00:00:00','1997-11-27 00:00:00',9.5000,5,70,4,0),(45,10638,'LINOD',3,1412,'1997-08-20 00:00:00','1997-09-01 00:00:00',9.5000,5,70,20,0),(45,10954,'LINOD',5,1621,'1998-03-17 00:00:00','1998-03-20 00:00:00',9.5000,5,70,30,0),(45,10896,'MAISD',7,1595,'1998-02-19 00:00:00','1998-02-27 00:00:00',9.5000,5,70,15,0),(45,10502,'PERIC',2,1280,'1997-04-10 00:00:00','1997-04-29 00:00:00',9.5000,5,70,21,0),(45,10549,'QUICK',5,1327,'1997-05-27 00:00:00','1997-05-30 00:00:00',9.5000,5,70,100,0),(45,11013,'ROMEY',2,1644,'1998-04-09 00:00:00','1998-04-10 00:00:00',9.5000,5,70,20,0),(45,10713,'SAVEA',1,1475,'1997-10-22 00:00:00','1997-10-24 00:00:00',9.5000,5,70,110,0),(45,10847,'SAVEA',4,1567,'1998-01-22 00:00:00','1998-02-10 00:00:00',9.5000,5,70,36,0),(45,10388,'SEVES',2,1168,'1996-12-19 00:00:00','1996-12-20 00:00:00',7.6000,5,70,15,0),(45,10465,'VAFFE',1,1244,'1997-03-05 00:00:00','1997-03-14 00:00:00',7.6000,5,70,30,0),(45,10750,'WARTH',9,1505,'1997-11-21 00:00:00','1997-11-24 00:00:00',9.5000,5,70,40,0),(45,10740,'WHITC',4,1497,'1997-11-13 00:00:00','1997-11-25 00:00:00',9.5000,5,70,40,0),(46,10643,'ALFKI',6,1417,'1997-08-25 00:00:00','1997-09-02 00:00:00',12.0000,95,0,2,0),(46,10743,'AROUT',1,1501,'1997-11-17 00:00:00','1997-11-21 00:00:00',12.0000,95,0,28,0),(46,10436,'BLONP',3,1216,'1997-02-05 00:00:00','1997-02-11 00:00:00',9.6000,95,0,5,0),(46,10876,'BONAP',7,1585,'1998-02-09 00:00:00','1998-02-12 00:00:00',12.0000,95,0,21,0),(46,10943,'BSBEV',4,1615,'1998-03-11 00:00:00','1998-03-19 00:00:00',12.0000,95,0,15,0),(46,10969,'COMMI',1,1627,'1998-03-23 00:00:00','1998-03-30 00:00:00',12.0000,95,0,9,0),(46,10466,'COMMI',4,1245,'1997-03-06 00:00:00','1997-03-13 00:00:00',9.6000,95,0,5,0),(46,10390,'ERNSH',6,1172,'1996-12-23 00:00:00','1996-12-26 00:00:00',9.6000,95,0,45,0),(46,10512,'FAMIA',7,1291,'1997-04-21 00:00:00','1997-04-24 00:00:00',12.0000,95,0,9,0),(46,11001,'FOLKO',2,1641,'1998-04-06 00:00:00','1998-04-14 00:00:00',12.0000,95,0,25,0),(46,10670,'FRANK',4,1439,'1997-09-16 00:00:00','1997-09-18 00:00:00',12.0000,95,0,60,0),(46,10395,'HILAA',6,1175,'1996-12-26 00:00:00','1997-01-03 00:00:00',9.6000,95,0,28,0),(46,10454,'LAMAI',4,1232,'1997-02-21 00:00:00','1997-02-25 00:00:00',9.6000,95,0,10,0),(46,10997,'LILAS',8,1638,'1998-04-03 00:00:00','1998-04-13 00:00:00',12.0000,95,0,20,0),(46,11019,'RANCH',6,1648,'1998-04-13 00:00:00',NULL,12.0000,95,0,3,0),(46,10428,'REGGC',7,1208,'1997-01-28 00:00:00','1997-02-04 00:00:00',9.6000,95,0,20,0),(46,10813,'RICAR',1,1550,'1998-01-05 00:00:00','1998-01-09 00:00:00',12.0000,95,0,35,0),(46,10287,'RICAR',8,1049,'1996-08-22 00:00:00','1996-08-28 00:00:00',9.6000,95,0,15,0),(46,10713,'SAVEA',1,1475,'1997-10-22 00:00:00','1997-10-24 00:00:00',12.0000,95,0,24,0),(46,10657,'SAVEA',2,1427,'1997-09-04 00:00:00','1997-09-15 00:00:00',12.0000,95,0,45,0),(46,10324,'SAVEA',9,1096,'1996-10-08 00:00:00','1996-10-10 00:00:00',9.6000,95,0,30,0),(46,10417,'SIMOB',4,1196,'1997-01-16 00:00:00','1997-01-28 00:00:00',9.6000,95,0,2,0),(46,10459,'VICTE',4,1238,'1997-02-27 00:00:00','1997-02-28 00:00:00',9.6000,95,0,20,0),(46,10644,'WELLI',3,1417,'1997-08-25 00:00:00','1997-09-01 00:00:00',12.0000,95,0,21,0),(46,10696,'WHITC',8,1461,'1997-10-08 00:00:00','1997-10-14 00:00:00',12.0000,95,0,18,0),(47,10558,'AROUT',1,1335,'1997-06-04 00:00:00','1997-06-10 00:00:00',9.5000,36,0,25,0),(47,10875,'BERGS',4,1582,'1998-02-06 00:00:00','1998-03-03 00:00:00',9.5000,36,0,21,0),(47,10837,'BERGS',9,1561,'1998-01-16 00:00:00','1998-01-23 00:00:00',9.5000,36,0,40,0),(47,10956,'BLAUS',6,1621,'1998-03-17 00:00:00','1998-03-20 00:00:00',9.5000,36,0,14,0),(47,10755,'BONAP',4,1510,'1997-11-26 00:00:00','1997-11-28 00:00:00',9.5000,36,0,30,0),(47,10431,'BOTTM',4,1210,'1997-01-30 00:00:00','1997-02-07 00:00:00',7.6000,36,0,30,0),(47,10512,'FAMIA',7,1291,'1997-04-21 00:00:00','1997-04-24 00:00:00',9.5000,36,0,6,0),(47,10480,'FOLIG',6,1259,'1997-03-20 00:00:00','1997-03-24 00:00:00',7.6000,36,0,30,0),(47,10762,'FOLKO',3,1516,'1997-12-02 00:00:00','1997-12-09 00:00:00',9.5000,36,0,30,0),(47,10977,'FOLKO',8,1630,'1998-03-26 00:00:00','1998-04-10 00:00:00',9.5000,36,0,30,0),(47,10710,'FRANS',1,1473,'1997-10-20 00:00:00','1997-10-23 00:00:00',9.5000,36,0,5,0),(47,10928,'GALED',1,1609,'1998-03-05 00:00:00','1998-03-18 00:00:00',9.5000,36,0,5,0),(47,10685,'GOURL',4,1452,'1997-09-29 00:00:00','1997-10-03 00:00:00',9.5000,36,0,15,0),(47,10656,'GREAL',6,1427,'1997-09-04 00:00:00','1997-09-10 00:00:00',9.5000,36,0,6,0),(47,10332,'MEREP',3,1105,'1996-10-17 00:00:00','1996-10-21 00:00:00',7.6000,36,0,16,0),(47,10699,'MORGK',3,1462,'1997-10-09 00:00:00','1997-10-13 00:00:00',9.5000,36,0,12,0),(47,10684,'OTTIK',3,1449,'1997-09-26 00:00:00','1997-09-30 00:00:00',9.5000,36,0,40,0),(47,10418,'QUICK',4,1197,'1997-01-17 00:00:00','1997-01-24 00:00:00',7.6000,36,0,55,0),(47,10657,'SAVEA',2,1427,'1997-09-04 00:00:00','1997-09-15 00:00:00',9.5000,36,0,10,0),(47,10714,'SAVEA',5,1475,'1997-10-22 00:00:00','1997-10-27 00:00:00',9.5000,36,0,50,0),(47,10585,'WELLI',7,1362,'1997-07-01 00:00:00','1997-07-10 00:00:00',9.5000,36,0,15,0),(48,10507,'ANTON',7,1285,'1997-04-15 00:00:00','1997-04-22 00:00:00',12.7500,15,70,15,0),(48,10453,'AROUT',1,1232,'1997-02-21 00:00:00','1997-02-26 00:00:00',10.2000,15,70,15,0),(48,10403,'ERNSH',4,1183,'1997-01-03 00:00:00','1997-01-09 00:00:00',10.2000,15,70,70,0),(48,10604,'FURIB',1,1379,'1997-07-18 00:00:00','1997-07-29 00:00:00',12.7500,15,70,6,0),(48,10704,'QUEEN',6,1467,'1997-10-14 00:00:00','1997-11-07 00:00:00',12.7500,15,70,24,0),(48,10814,'VICTE',3,1550,'1998-01-05 00:00:00','1998-01-14 00:00:00',12.7500,15,70,8,0),(49,10875,'BERGS',4,1582,'1998-02-06 00:00:00','1998-03-03 00:00:00',20.0000,10,60,15,0),(49,10360,'BLONP',4,1141,'1996-11-22 00:00:00','1996-12-02 00:00:00',16.0000,10,60,35,0),(49,10539,'BSBEV',6,1316,'1997-05-16 00:00:00','1997-05-23 00:00:00',20.0000,10,60,6,0),(49,10290,'COMMI',8,1054,'1996-08-27 00:00:00','1996-09-03 00:00:00',16.0000,10,60,15,0),(49,10400,'EASTC',1,1181,'1997-01-01 00:00:00','1997-01-16 00:00:00',16.0000,10,60,30,0),(49,10253,'HANAR',3,1006,'1996-07-10 00:00:00','1996-07-16 00:00:00',16.0000,10,60,40,0),(49,10456,'KOENE',8,1236,'1997-02-25 00:00:00','1997-02-28 00:00:00',16.0000,10,60,21,0),(49,10499,'LILAS',4,1278,'1997-04-08 00:00:00','1997-04-16 00:00:00',20.0000,10,60,25,0),(49,11039,'LINOD',1,1656,'1998-04-21 00:00:00',NULL,20.0000,10,60,60,0),(49,10404,'MAGAA',2,1183,'1997-01-03 00:00:00','1997-01-08 00:00:00',16.0000,10,60,30,0),(49,10868,'QUEEN',7,1580,'1998-02-04 00:00:00','1998-02-23 00:00:00',20.0000,10,60,42,0),(49,11019,'RANCH',6,1648,'1998-04-13 00:00:00',NULL,20.0000,10,60,2,0),(49,10942,'REGGC',9,1615,'1998-03-11 00:00:00','1998-03-18 00:00:00',20.0000,10,60,28,0),(49,10481,'RICAR',8,1259,'1997-03-20 00:00:00','1997-03-25 00:00:00',16.0000,10,60,24,0),(49,10612,'SAVEA',1,1389,'1997-07-28 00:00:00','1997-08-01 00:00:00',20.0000,10,60,18,0),(49,10882,'SAVEA',4,1587,'1998-02-11 00:00:00','1998-02-20 00:00:00',20.0000,10,60,20,0),(49,10603,'SAVEA',8,1379,'1997-07-18 00:00:00','1997-08-08 00:00:00',20.0000,10,60,25,0),(49,10804,'SEVES',6,1544,'1997-12-30 00:00:00','1998-01-07 00:00:00',20.0000,10,60,4,0),(49,10967,'TOMSP',2,1627,'1998-03-23 00:00:00','1998-04-02 00:00:00',20.0000,10,60,40,0),(49,10304,'TORTU',1,1070,'1996-09-12 00:00:00','1996-09-17 00:00:00',16.0000,10,60,30,0),(49,10910,'WILMK',1,1602,'1998-02-26 00:00:00','1998-03-04 00:00:00',20.0000,10,60,10,0),(50,10920,'AROUT',4,1607,'1998-03-03 00:00:00','1998-03-09 00:00:00',16.2500,65,0,24,0),(50,10383,'AROUT',8,1165,'1996-12-16 00:00:00','1996-12-18 00:00:00',13.0000,65,0,15,0),(50,11072,'ERNSH',4,1670,'1998-05-05 00:00:00',NULL,16.2500,65,0,22,0),(50,10948,'GODOS',3,1617,'1998-03-13 00:00:00','1998-03-19 00:00:00',16.2500,65,0,9,0),(50,10429,'HUNGO',3,1209,'1997-01-29 00:00:00','1997-02-07 00:00:00',13.0000,65,0,40,0),(50,10350,'LAMAI',6,1130,'1996-11-11 00:00:00','1996-12-03 00:00:00',13.0000,65,0,15,0),(50,10729,'LINOD',8,1488,'1997-11-04 00:00:00','1997-11-14 00:00:00',16.2500,65,0,40,0),(50,10637,'QUEEN',6,1411,'1997-08-19 00:00:00','1997-08-26 00:00:00',16.2500,65,0,25,0),(50,10751,'RICSU',3,1508,'1997-11-24 00:00:00','1997-12-03 00:00:00',16.2500,65,0,20,0),(50,10465,'VAFFE',1,1244,'1997-03-05 00:00:00','1997-03-14 00:00:00',13.0000,65,0,25,0),(51,10558,'AROUT',1,1335,'1997-06-04 00:00:00','1997-06-10 00:00:00',53.0000,20,0,20,0),(51,10956,'BLAUS',6,1621,'1998-03-17 00:00:00','1998-03-20 00:00:00',53.0000,20,0,8,0),(51,10663,'BONAP',2,1433,'1997-09-10 00:00:00','1997-10-03 00:00:00',53.0000,20,0,20,0),(51,10362,'BONAP',3,1144,'1996-11-25 00:00:00','1996-11-28 00:00:00',42.4000,20,0,20,0),(51,11045,'BOTTM',6,1658,'1998-04-23 00:00:00',NULL,53.0000,20,0,24,0),(51,10484,'BSBEV',3,1263,'1997-03-24 00:00:00','1997-04-01 00:00:00',42.4000,20,0,3,0),(51,10731,'CHOPS',7,1490,'1997-11-06 00:00:00','1997-11-14 00:00:00',53.0000,20,0,30,0),(51,10776,'ERNSH',1,1529,'1997-12-15 00:00:00','1997-12-18 00:00:00',53.0000,20,0,120,0),(51,10634,'FOLIG',4,1407,'1997-08-15 00:00:00','1997-08-21 00:00:00',53.0000,20,0,15,0),(51,10561,'FOLKO',2,1337,'1997-06-06 00:00:00','1997-06-09 00:00:00',53.0000,20,0,50,0),(51,10762,'FOLKO',3,1516,'1997-12-02 00:00:00','1997-12-09 00:00:00',53.0000,20,0,28,0),(51,10977,'FOLKO',8,1630,'1998-03-26 00:00:00','1998-04-10 00:00:00',53.0000,20,0,10,0),(51,10860,'FRANR',3,1574,'1998-01-29 00:00:00','1998-02-04 00:00:00',53.0000,20,0,3,0),(51,11026,'FRANS',4,1650,'1998-04-15 00:00:00','1998-04-28 00:00:00',53.0000,20,0,10,0),(51,10948,'GODOS',3,1617,'1998-03-13 00:00:00','1998-03-19 00:00:00',53.0000,20,0,40,0),(51,10709,'GOURL',1,1470,'1997-10-17 00:00:00','1997-11-20 00:00:00',53.0000,20,0,28,0),(51,10250,'HANAR',4,1004,'1996-07-08 00:00:00','1996-07-12 00:00:00',42.4000,20,0,35,0),(51,10486,'HILAA',1,1265,'1997-03-26 00:00:00','1997-04-02 00:00:00',42.4000,20,0,25,0),(51,11055,'HILAA',7,1663,'1998-04-28 00:00:00','1998-05-05 00:00:00',53.0000,20,0,20,0),(51,10567,'HUNGO',1,1343,'1997-06-12 00:00:00','1997-06-17 00:00:00',53.0000,20,0,3,0),(51,10335,'HUNGO',7,1110,'1996-10-22 00:00:00','1996-10-24 00:00:00',42.4000,20,0,48,0),(51,10665,'LONEP',1,1434,'1997-09-11 00:00:00','1997-09-17 00:00:00',53.0000,20,0,20,0),(51,10965,'OLDWO',6,1624,'1998-03-20 00:00:00','1998-03-30 00:00:00',53.0000,20,0,16,0),(51,10999,'OTTIK',6,1638,'1998-04-03 00:00:00','1998-04-10 00:00:00',53.0000,20,0,15,0),(51,10995,'PERIC',1,1637,'1998-04-02 00:00:00','1998-04-06 00:00:00',53.0000,20,0,20,0),(51,10397,'PRINI',5,1176,'1996-12-27 00:00:00','1997-01-02 00:00:00',42.4000,20,0,18,0),(51,10291,'QUEDE',6,1054,'1996-08-27 00:00:00','1996-09-04 00:00:00',42.4000,20,0,2,0),(51,11021,'QUICK',3,1649,'1998-04-14 00:00:00','1998-04-21 00:00:00',53.0000,20,0,44,0),(51,10549,'QUICK',5,1327,'1997-05-27 00:00:00','1997-05-30 00:00:00',53.0000,20,0,48,0),(51,10716,'RANCH',4,1477,'1997-10-24 00:00:00','1997-10-27 00:00:00',53.0000,20,0,7,0),(51,10537,'RICSU',1,1314,'1997-05-14 00:00:00','1997-05-19 00:00:00',53.0000,20,0,6,0),(51,10555,'SAVEA',6,1333,'1997-06-02 00:00:00','1997-06-04 00:00:00',53.0000,20,0,20,0),(51,10800,'SEVES',1,1540,'1997-12-26 00:00:00','1998-01-05 00:00:00',53.0000,20,0,10,0),(51,10472,'SEVES',8,1251,'1997-03-12 00:00:00','1997-03-19 00:00:00',42.4000,20,0,18,0),(51,10802,'SIMOB',4,1543,'1997-12-29 00:00:00','1998-01-02 00:00:00',53.0000,20,0,30,0),(51,10821,'SPLIR',1,1553,'1998-01-08 00:00:00','1998-01-15 00:00:00',53.0000,20,0,6,0),(51,10249,'TOMSP',6,1001,'1996-07-05 00:00:00','1996-07-10 00:00:00',42.4000,20,0,40,0),(51,10843,'VICTE',4,1566,'1998-01-21 00:00:00','1998-01-26 00:00:00',53.0000,20,0,4,0),(51,10870,'WOLZA',5,1580,'1998-02-04 00:00:00','1998-02-13 00:00:00',53.0000,20,0,2,0),(52,10558,'AROUT',1,1335,'1997-06-04 00:00:00','1997-06-10 00:00:00',7.0000,38,0,30,0),(52,10793,'AROUT',3,1538,'1997-12-24 00:00:00','1998-01-08 00:00:00',7.0000,38,0,8,0),(52,10733,'BERGS',1,1491,'1997-11-07 00:00:00','1997-11-10 00:00:00',7.0000,38,0,25,0),(52,10449,'BLONP',3,1229,'1997-02-18 00:00:00','1997-02-27 00:00:00',5.6000,38,0,20,0),(52,10970,'BOLID',9,1628,'1998-03-24 00:00:00','1998-04-24 00:00:00',7.0000,38,0,40,0),(52,10683,'DUMON',2,1449,'1997-09-26 00:00:00','1997-10-01 00:00:00',7.0000,38,0,9,0),(52,10725,'FAMIA',4,1484,'1997-10-31 00:00:00','1997-11-05 00:00:00',7.0000,38,0,4,0),(52,10925,'HANAR',3,1608,'1998-03-04 00:00:00','1998-03-13 00:00:00',7.0000,38,0,12,0),(52,10927,'LACOR',4,1609,'1998-03-05 00:00:00','1998-04-08 00:00:00',7.0000,38,0,5,0),(52,10620,'LAUGB',2,1397,'1997-08-05 00:00:00','1997-08-14 00:00:00',7.0000,38,0,5,0),(52,10862,'LEHMS',8,1575,'1998-01-30 00:00:00','1998-02-02 00:00:00',7.0000,38,0,8,0),(52,10997,'LILAS',8,1638,'1998-04-03 00:00:00','1998-04-13 00:00:00',7.0000,38,0,20,0),(52,10517,'NORTS',3,1294,'1997-04-24 00:00:00','1997-04-29 00:00:00',7.0000,38,0,6,0),(52,10594,'OLDWO',3,1370,'1997-07-09 00:00:00','1997-07-16 00:00:00',7.0000,38,0,24,0),(52,10322,'PERIC',7,1092,'1996-10-04 00:00:00','1996-10-23 00:00:00',5.6000,38,0,20,0),(52,10961,'QUEEN',8,1623,'1998-03-19 00:00:00','1998-03-30 00:00:00',7.0000,38,0,6,0),(52,10908,'REGGC',4,1602,'1998-02-26 00:00:00','1998-03-06 00:00:00',7.0000,38,0,14,0),(52,10586,'REGGC',9,1363,'1997-07-02 00:00:00','1997-07-09 00:00:00',7.0000,38,0,4,0),(52,10563,'RICAR',2,1341,'1997-06-10 00:00:00','1997-06-24 00:00:00',7.0000,38,0,70,0),(52,10758,'RICSU',3,1512,'1997-11-28 00:00:00','1997-12-04 00:00:00',7.0000,38,0,60,0),(52,10388,'SEVES',2,1168,'1996-12-19 00:00:00','1996-12-20 00:00:00',5.6000,38,0,20,0),(52,11038,'SUPRD',1,1656,'1998-04-21 00:00:00','1998-04-30 00:00:00',7.0000,38,0,2,0),(52,11003,'THECR',3,1641,'1998-04-06 00:00:00','1998-04-08 00:00:00',7.0000,38,0,10,0),(52,10446,'TOMSP',6,1225,'1997-02-14 00:00:00','1997-02-19 00:00:00',5.6000,38,0,15,0),(52,10769,'VAFFE',3,1522,'1997-12-08 00:00:00','1997-12-12 00:00:00',7.0000,38,0,15,0),(52,10334,'VICTE',8,1109,'1996-10-21 00:00:00','1996-10-28 00:00:00',5.6000,38,0,8,0),(52,10739,'VINET',3,1496,'1997-11-12 00:00:00','1997-11-17 00:00:00',7.0000,38,0,18,0),(52,10809,'WELLI',7,1546,'1998-01-01 00:00:00','1998-01-07 00:00:00',7.0000,38,0,20,0),(53,10573,'ANTON',7,1350,'1997-06-19 00:00:00','1997-06-20 00:00:00',32.8000,0,0,25,0),(53,10558,'AROUT',1,1335,'1997-06-04 00:00:00','1997-06-10 00:00:00',32.8000,0,0,18,0),(53,10626,'BERGS',1,1403,'1997-08-11 00:00:00','1997-08-20 00:00:00',32.8000,0,0,12,0),(53,10825,'DRACD',1,1554,'1998-01-09 00:00:00','1998-01-14 00:00:00',32.8000,0,0,20,0),(53,10650,'FAMIA',5,1421,'1997-08-29 00:00:00','1997-09-03 00:00:00',32.8000,0,0,25,0),(53,10675,'FRANK',5,1442,'1997-09-19 00:00:00','1997-09-23 00:00:00',32.8000,0,0,10,0),(53,10395,'HILAA',6,1175,'1996-12-26 00:00:00','1997-01-03 00:00:00',26.2000,0,0,70,0),(53,10712,'HUNGO',3,1474,'1997-10-21 00:00:00','1997-10-31 00:00:00',32.8000,0,0,3,0),(53,10380,'HUNGO',8,1161,'1996-12-12 00:00:00','1997-01-16 00:00:00',26.2000,0,0,20,0),(53,10933,'ISLAT',6,1610,'1998-03-06 00:00:00','1998-03-16 00:00:00',32.8000,0,0,2,0),(53,10867,'LONEP',6,1579,'1998-02-03 00:00:00','1998-02-11 00:00:00',32.8000,0,0,3,0),(53,10833,'OTTIK',6,1560,'1998-01-15 00:00:00','1998-01-23 00:00:00',32.8000,0,0,9,0),(53,10502,'PERIC',2,1280,'1997-04-10 00:00:00','1997-04-29 00:00:00',32.8000,0,0,6,0),(53,10421,'QUEDE',8,1201,'1997-01-21 00:00:00','1997-01-27 00:00:00',26.2000,0,0,15,0),(53,10285,'QUICK',1,1047,'1996-08-20 00:00:00','1996-08-26 00:00:00',26.2000,0,0,36,0),(53,10962,'QUICK',8,1623,'1998-03-19 00:00:00','1998-03-23 00:00:00',32.8000,0,0,20,0),(53,10479,'RATTC',3,1258,'1997-03-19 00:00:00','1997-03-21 00:00:00',26.2000,0,0,28,0),(53,11062,'REGGC',4,1665,'1998-04-30 00:00:00',NULL,32.8000,0,0,10,0),(53,11033,'RICSU',7,1652,'1998-04-17 00:00:00','1998-04-23 00:00:00',32.8000,0,0,70,0),(53,10306,'ROMEY',1,1074,'1996-09-16 00:00:00','1996-09-23 00:00:00',26.2000,0,0,10,0),(53,10520,'SANTG',7,1299,'1997-04-29 00:00:00','1997-05-01 00:00:00',32.8000,0,0,5,0),(53,11064,'SAVEA',1,1666,'1998-05-01 00:00:00','1998-05-04 00:00:00',32.8000,0,0,25,0),(53,10711,'SAVEA',5,1474,'1997-10-21 00:00:00','1997-10-29 00:00:00',32.8000,0,0,120,0),(53,10388,'SEVES',2,1168,'1996-12-19 00:00:00','1996-12-20 00:00:00',26.2000,0,0,40,0),(53,10312,'WANDK',2,1081,'1996-09-23 00:00:00','1996-10-03 00:00:00',26.2000,0,0,20,0),(53,10416,'WARTH',8,1196,'1997-01-16 00:00:00','1997-01-27 00:00:00',26.2000,0,0,10,0),(53,10437,'WARTH',8,1216,'1997-02-05 00:00:00','1997-02-12 00:00:00',26.2000,0,0,15,0),(53,10455,'WARTH',8,1235,'1997-02-24 00:00:00','1997-03-03 00:00:00',26.2000,0,0,50,0),(53,10256,'WELLI',3,1011,'1996-07-15 00:00:00','1996-07-17 00:00:00',26.2000,0,0,15,0),(53,10504,'WHITC',4,1281,'1997-04-11 00:00:00','1997-04-18 00:00:00',32.8000,0,0,10,0),(54,10524,'BERGS',1,1301,'1997-05-01 00:00:00','1997-05-07 00:00:00',7.4500,21,0,15,0),(54,10445,'BERGS',3,1224,'1997-02-13 00:00:00','1997-02-20 00:00:00',5.9000,21,0,15,0),(54,10654,'BERGS',5,1425,'1997-09-02 00:00:00','1997-09-11 00:00:00',7.4500,21,0,6,0),(54,10501,'BLAUS',9,1279,'1997-04-09 00:00:00','1997-04-16 00:00:00',7.4500,21,0,20,0),(54,10360,'BLONP',4,1141,'1996-11-22 00:00:00','1996-12-02 00:00:00',5.9000,21,0,28,0),(54,10362,'BONAP',3,1144,'1996-11-25 00:00:00','1996-11-28 00:00:00',5.9000,21,0,24,0),(54,10331,'BONAP',9,1104,'1996-10-16 00:00:00','1996-10-21 00:00:00',5.9000,21,0,15,0),(54,10442,'ERNSH',3,1222,'1997-02-11 00:00:00','1997-02-18 00:00:00',5.9000,21,0,80,0),(54,10650,'FAMIA',5,1421,'1997-08-29 00:00:00','1997-09-03 00:00:00',7.4500,21,0,30,0),(54,10408,'FOLIG',8,1188,'1997-01-08 00:00:00','1997-01-14 00:00:00',5.9000,21,0,6,0),(54,10717,'FRANK',1,1477,'1997-10-24 00:00:00','1997-10-29 00:00:00',7.4500,21,0,15,0),(54,10859,'FRANK',1,1574,'1998-01-29 00:00:00','1998-02-02 00:00:00',7.4500,21,0,35,0),(54,10352,'FURIB',3,1131,'1996-11-12 00:00:00','1996-11-18 00:00:00',5.9000,21,0,20,0),(54,10375,'HUNGC',3,1155,'1996-12-06 00:00:00','1996-12-09 00:00:00',5.9000,21,0,10,0),(54,10600,'HUNGC',4,1377,'1997-07-16 00:00:00','1997-07-21 00:00:00',7.4500,21,0,4,0),(54,10542,'KOENE',1,1320,'1997-05-20 00:00:00','1997-05-26 00:00:00',7.4500,21,0,24,0),(54,10534,'LEHMS',8,1312,'1997-05-12 00:00:00','1997-05-14 00:00:00',7.4500,21,0,10,0),(54,10719,'LETSS',8,1480,'1997-10-27 00:00:00','1997-11-05 00:00:00',7.4500,21,0,40,0),(54,11065,'LILAS',8,1666,'1998-05-01 00:00:00',NULL,7.4500,21,0,20,0),(54,10794,'QUEDE',6,1538,'1997-12-24 00:00:00','1998-01-02 00:00:00',7.4500,21,0,6,0),(54,10487,'QUEEN',2,1265,'1997-03-26 00:00:00','1997-03-28 00:00:00',5.9000,21,0,24,0),(54,10288,'REGGC',4,1050,'1996-08-23 00:00:00','1996-09-03 00:00:00',5.9000,21,0,10,0),(54,10306,'ROMEY',1,1074,'1996-09-16 00:00:00','1996-09-23 00:00:00',5.9000,21,0,5,0),(54,10882,'SAVEA',4,1587,'1998-02-11 00:00:00','1998-02-20 00:00:00',7.4500,21,0,32,0),(54,10678,'SAVEA',7,1446,'1997-09-23 00:00:00','1997-10-16 00:00:00',7.4500,21,0,30,0),(54,10800,'SEVES',1,1540,'1997-12-26 00:00:00','1998-01-05 00:00:00',7.4500,21,0,7,0),(54,10432,'SPLIR',3,1211,'1997-01-31 00:00:00','1997-02-07 00:00:00',5.9000,21,0,40,0),(54,10349,'SPLIR',7,1127,'1996-11-08 00:00:00','1996-11-15 00:00:00',5.9000,21,0,24,0),(54,11035,'SUPRD',2,1655,'1998-04-20 00:00:00','1998-04-24 00:00:00',7.4500,21,0,10,0),(54,10915,'TORTU',2,1603,'1998-02-27 00:00:00','1998-03-02 00:00:00',7.4500,21,0,10,0),(54,10591,'VAFFE',1,1368,'1997-07-07 00:00:00','1997-07-16 00:00:00',7.4500,21,0,50,0),(54,10367,'VAFFE',7,1147,'1996-11-28 00:00:00','1996-12-02 00:00:00',5.9000,21,0,18,0),(54,10450,'VICTE',8,1230,'1997-02-19 00:00:00','1997-03-11 00:00:00',5.9000,21,0,6,0),(54,10781,'WARTH',2,1531,'1997-12-17 00:00:00','1997-12-19 00:00:00',7.4500,21,0,3,0),(54,10693,'WHITC',3,1459,'1997-10-06 00:00:00','1997-10-10 00:00:00',7.4500,21,0,60,0),(54,10792,'WOLZA',1,1537,'1997-12-23 00:00:00','1997-12-31 00:00:00',7.4500,21,0,3,0),(55,10707,'AROUT',4,1469,'1997-10-16 00:00:00','1997-10-23 00:00:00',24.0000,115,0,21,0),(55,10280,'BERGS',2,1041,'1996-08-14 00:00:00','1996-09-12 00:00:00',19.2000,115,0,20,0),(55,10559,'BLONP',6,1336,'1997-06-05 00:00:00','1997-06-13 00:00:00',24.0000,115,0,18,0),(55,10389,'BOTTM',4,1169,'1996-12-20 00:00:00','1996-12-24 00:00:00',19.2000,115,0,15,0),(55,10254,'CHOPS',5,1007,'1996-07-11 00:00:00','1996-07-23 00:00:00',19.2000,115,0,21,0),(55,11056,'EASTC',8,1663,'1998-04-28 00:00:00','1998-05-01 00:00:00',24.0000,115,0,35,0),(55,10990,'ERNSH',2,1636,'1998-04-01 00:00:00','1998-04-07 00:00:00',24.0000,115,0,65,0),(55,10725,'FAMIA',4,1484,'1997-10-31 00:00:00','1997-11-05 00:00:00',24.0000,115,0,6,0),(55,10902,'FOLKO',1,1599,'1998-02-23 00:00:00','1998-03-03 00:00:00',24.0000,115,0,30,0),(55,11001,'FOLKO',2,1641,'1998-04-06 00:00:00','1998-04-14 00:00:00',24.0000,115,0,6,0),(55,10342,'FRANK',4,1118,'1996-10-30 00:00:00','1996-11-04 00:00:00',19.2000,115,0,40,0),(55,10948,'GODOS',3,1617,'1998-03-13 00:00:00','1998-03-19 00:00:00',24.0000,115,0,4,0),(55,10872,'GODOS',5,1581,'1998-02-05 00:00:00','1998-02-09 00:00:00',24.0000,115,0,10,0),(55,10476,'HILAA',8,1256,'1997-03-17 00:00:00','1997-03-24 00:00:00',19.2000,115,0,2,0),(55,10630,'KOENE',1,1405,'1997-08-13 00:00:00','1997-08-19 00:00:00',24.0000,115,0,12,0),(55,11028,'KOENE',2,1651,'1998-04-16 00:00:00','1998-04-22 00:00:00',24.0000,115,0,35,0),(55,10425,'LAMAI',6,1204,'1997-01-24 00:00:00','1997-02-14 00:00:00',19.2000,115,0,10,0),(55,10461,'LILAS',1,1239,'1997-02-28 00:00:00','1997-03-05 00:00:00',19.2000,115,0,60,0),(55,10485,'LINOD',4,1264,'1997-03-25 00:00:00','1997-03-31 00:00:00',19.2000,115,0,30,0),(55,10529,'MAISD',5,1307,'1997-05-07 00:00:00','1997-05-09 00:00:00',24.0000,115,0,14,0),(55,10728,'QUEEN',4,1488,'1997-11-04 00:00:00','1997-11-11 00:00:00',24.0000,115,0,12,0),(55,10451,'QUICK',4,1230,'1997-02-19 00:00:00','1997-03-12 00:00:00',19.2000,115,0,120,0),(55,10564,'RATTC',4,1341,'1997-06-10 00:00:00','1997-06-16 00:00:00',24.0000,115,0,25,0),(55,11064,'SAVEA',1,1666,'1998-05-01 00:00:00','1998-05-04 00:00:00',24.0000,115,0,4,0),(55,10398,'SAVEA',2,1179,'1996-12-30 00:00:00','1997-01-09 00:00:00',19.2000,115,0,120,0),(55,11002,'SAVEA',4,1641,'1998-04-06 00:00:00','1998-04-16 00:00:00',24.0000,115,0,40,0),(55,10802,'SIMOB',4,1543,'1997-12-29 00:00:00','1998-01-02 00:00:00',24.0000,115,0,60,0),(55,10930,'SUPRD',4,1610,'1998-03-06 00:00:00','1998-03-18 00:00:00',24.0000,115,0,25,0),(55,10606,'TRADH',4,1383,'1997-07-22 00:00:00','1997-07-31 00:00:00',24.0000,115,0,20,0),(55,10668,'WANDK',1,1438,'1997-09-15 00:00:00','1997-09-23 00:00:00',24.0000,115,0,4,0),(55,10356,'WANDK',6,1137,'1996-11-18 00:00:00','1996-11-27 00:00:00',19.2000,115,0,12,0),(55,10615,'WILMK',2,1391,'1997-07-30 00:00:00','1997-08-06 00:00:00',24.0000,115,0,5,0),(56,10383,'AROUT',8,1165,'1996-12-16 00:00:00','1996-12-18 00:00:00',30.4000,21,10,20,0),(56,10436,'BLONP',3,1216,'1997-02-05 00:00:00','1997-02-11 00:00:00',30.4000,21,10,40,0),(56,10755,'BONAP',4,1510,'1997-11-26 00:00:00','1997-11-28 00:00:00',38.0000,21,10,30,0),(56,10944,'BOTTM',6,1616,'1998-03-12 00:00:00','1998-03-13 00:00:00',38.0000,21,10,18,0),(56,10471,'BSBEV',2,1250,'1997-03-11 00:00:00','1997-03-18 00:00:00',30.4000,21,10,20,0),(56,10966,'CHOPS',4,1624,'1998-03-20 00:00:00','1998-04-08 00:00:00',38.0000,21,10,12,0),(56,11029,'CHOPS',4,1651,'1998-04-16 00:00:00','1998-04-27 00:00:00',38.0000,21,10,20,0),(56,10519,'CHOPS',6,1298,'1997-04-28 00:00:00','1997-05-01 00:00:00',38.0000,21,10,40,0),(56,10494,'COMMI',4,1272,'1997-04-02 00:00:00','1997-04-09 00:00:00',30.4000,21,10,30,0),(56,10514,'ERNSH',3,1292,'1997-04-22 00:00:00','1997-05-16 00:00:00',38.0000,21,10,70,0),(56,10430,'ERNSH',4,1210,'1997-01-30 00:00:00','1997-02-03 00:00:00',30.4000,21,10,30,0),(56,10762,'FOLKO',3,1516,'1997-12-02 00:00:00','1997-12-09 00:00:00',38.0000,21,10,60,0),(56,10664,'FURIB',1,1433,'1997-09-10 00:00:00','1997-09-19 00:00:00',38.0000,21,10,12,0),(56,10464,'FURIB',4,1243,'1997-03-04 00:00:00','1997-03-14 00:00:00',30.4000,21,10,30,0),(56,10426,'GALED',4,1207,'1997-01-27 00:00:00','1997-02-06 00:00:00',30.4000,21,10,5,0),(56,10790,'GOURL',6,1536,'1997-12-22 00:00:00','1997-12-26 00:00:00',38.0000,21,10,20,0),(56,10616,'GREAL',1,1392,'1997-07-31 00:00:00','1997-08-05 00:00:00',38.0000,21,10,14,0),(56,10690,'HANAR',1,1455,'1997-10-02 00:00:00','1997-10-03 00:00:00',38.0000,21,10,20,0),(56,10712,'HUNGO',3,1474,'1997-10-21 00:00:00','1997-10-31 00:00:00',38.0000,21,10,30,0),(56,10749,'ISLAT',4,1504,'1997-11-20 00:00:00','1997-12-19 00:00:00',38.0000,21,10,15,0),(56,10497,'LEHMS',7,1274,'1997-04-04 00:00:00','1997-04-07 00:00:00',30.4000,21,10,14,0),(56,10884,'LETSS',4,1588,'1998-02-12 00:00:00','1998-02-13 00:00:00',38.0000,21,10,21,0),(56,11018,'LONEP',4,1648,'1998-04-13 00:00:00','1998-04-16 00:00:00',38.0000,21,10,5,0),(56,10896,'MAISD',7,1595,'1998-02-19 00:00:00','1998-02-27 00:00:00',38.0000,21,10,16,0),(56,10618,'MEREP',1,1393,'1997-08-01 00:00:00','1997-08-08 00:00:00',38.0000,21,10,20,0),(56,10570,'MEREP',3,1348,'1997-06-17 00:00:00','1997-06-19 00:00:00',38.0000,21,10,60,0),(56,10808,'OLDWO',2,1546,'1998-01-01 00:00:00','1998-01-09 00:00:00',38.0000,21,10,20,0),(56,10855,'OLDWO',3,1572,'1998-01-27 00:00:00','1998-02-04 00:00:00',38.0000,21,10,24,0),(56,10433,'PRINI',3,1214,'1997-02-03 00:00:00','1997-03-04 00:00:00',30.4000,21,10,28,0),(56,10637,'QUEEN',6,1411,'1997-08-19 00:00:00','1997-08-26 00:00:00',38.0000,21,10,60,0),(56,10401,'RATTC',1,1181,'1997-01-01 00:00:00','1997-01-10 00:00:00',30.4000,21,10,70,0),(56,10346,'RATTC',3,1124,'1996-11-05 00:00:00','1996-11-08 00:00:00',30.4000,21,10,20,0),(56,10820,'RATTC',3,1552,'1998-01-07 00:00:00','1998-01-13 00:00:00',38.0000,21,10,30,0),(56,10262,'RATTC',8,1018,'1996-07-22 00:00:00','1996-07-25 00:00:00',30.4000,21,10,2,0),(56,10727,'REGGC',2,1487,'1997-11-03 00:00:00','1997-12-05 00:00:00',38.0000,21,10,10,0),(56,10657,'SAVEA',2,1427,'1997-09-04 00:00:00','1997-09-15 00:00:00',38.0000,21,10,45,0),(56,10748,'SAVEA',3,1504,'1997-11-20 00:00:00','1997-11-28 00:00:00',38.0000,21,10,28,0),(56,10714,'SAVEA',5,1475,'1997-10-22 00:00:00','1997-10-27 00:00:00',38.0000,21,10,18,0),(56,10555,'SAVEA',6,1333,'1997-06-02 00:00:00','1997-06-04 00:00:00',38.0000,21,10,40,0),(56,10329,'SPLIR',4,1103,'1996-10-15 00:00:00','1996-10-23 00:00:00',30.4000,21,10,12,0),(56,10369,'SPLIR',8,1151,'1996-12-02 00:00:00','1996-12-09 00:00:00',30.4000,21,10,18,0),(56,10841,'SUPRD',5,1565,'1998-01-20 00:00:00','1998-01-29 00:00:00',38.0000,21,10,30,0),(56,10458,'SUPRD',7,1237,'1997-02-26 00:00:00','1997-03-04 00:00:00',30.4000,21,10,15,0),(56,10608,'TOMSP',4,1384,'1997-07-23 00:00:00','1997-08-01 00:00:00',38.0000,21,10,28,0),(56,10295,'VINET',2,1060,'1996-09-02 00:00:00','1996-09-10 00:00:00',30.4000,21,10,4,0),(56,10301,'WANDK',8,1067,'1996-09-09 00:00:00','1996-09-17 00:00:00',30.4000,21,10,20,0),(56,10781,'WARTH',2,1531,'1997-12-17 00:00:00','1997-12-19 00:00:00',38.0000,21,10,20,0),(56,10526,'WARTH',4,1305,'1997-05-05 00:00:00','1997-05-15 00:00:00',38.0000,21,10,30,0),(56,10740,'WHITC',4,1497,'1997-11-13 00:00:00','1997-11-25 00:00:00',38.0000,21,10,14,0),(56,10596,'WHITC',8,1372,'1997-07-11 00:00:00','1997-08-12 00:00:00',38.0000,21,10,5,0),(57,10535,'ANTON',4,1313,'1997-05-13 00:00:00','1997-05-21 00:00:00',19.5000,36,0,5,0),(57,10707,'AROUT',4,1469,'1997-10-16 00:00:00','1997-10-23 00:00:00',19.5000,36,0,40,0),(57,10355,'AROUT',6,1134,'1996-11-15 00:00:00','1996-11-20 00:00:00',15.6000,36,0,25,0),(57,10582,'BLAUS',3,1358,'1997-06-27 00:00:00','1997-07-14 00:00:00',19.5000,36,0,4,0),(57,10826,'BLONP',6,1557,'1998-01-12 00:00:00','1998-02-06 00:00:00',19.5000,36,0,15,0),(57,10326,'BOLID',4,1098,'1996-10-10 00:00:00','1996-10-14 00:00:00',15.6000,36,0,16,0),(57,10755,'BONAP',4,1510,'1997-11-26 00:00:00','1997-11-28 00:00:00',19.5000,36,0,14,0),(57,10578,'BSBEV',4,1355,'1997-06-24 00:00:00','1997-07-25 00:00:00',19.5000,36,0,6,0),(57,10368,'ERNSH',2,1148,'1996-11-29 00:00:00','1996-12-02 00:00:00',15.6000,36,0,25,0),(57,10836,'ERNSH',7,1561,'1998-01-16 00:00:00','1998-01-21 00:00:00',19.5000,36,0,24,0),(57,11055,'HILAA',7,1663,'1998-04-28 00:00:00','1998-05-05 00:00:00',19.5000,36,0,20,0),(57,10823,'LILAS',5,1554,'1998-01-09 00:00:00','1998-01-13 00:00:00',19.5000,36,0,15,0),(57,11039,'LINOD',1,1656,'1998-04-21 00:00:00',NULL,19.5000,36,0,28,0),(57,10260,'OTTIK',4,1015,'1996-07-19 00:00:00','1996-07-29 00:00:00',15.6000,36,0,50,0),(57,10597,'PICCO',7,1372,'1997-07-11 00:00:00','1997-07-18 00:00:00',19.5000,36,0,20,0),(57,10916,'RANCH',1,1603,'1998-02-27 00:00:00','1998-03-09 00:00:00',19.5000,36,0,20,0),(57,10851,'RICAR',5,1571,'1998-01-26 00:00:00','1998-02-02 00:00:00',19.5000,36,0,10,0),(57,10931,'RICSU',4,1610,'1998-03-06 00:00:00','1998-03-19 00:00:00',19.5000,36,0,30,0),(57,10282,'ROMEY',4,1042,'1996-08-15 00:00:00','1996-08-21 00:00:00',15.6000,36,0,2,0),(57,10983,'SAVEA',2,1631,'1998-03-27 00:00:00','1998-04-06 00:00:00',19.5000,36,0,15,0),(57,10438,'TOMSP',3,1217,'1997-02-06 00:00:00','1997-02-14 00:00:00',15.6000,36,0,15,0),(57,10251,'VICTE',3,1004,'1996-07-08 00:00:00','1996-07-15 00:00:00',15.6000,36,0,15,0),(57,10416,'WARTH',8,1196,'1997-01-16 00:00:00','1997-01-27 00:00:00',15.6000,36,0,20,0),(58,11011,'ALFKI',3,1644,'1998-04-09 00:00:00','1998-04-13 00:00:00',13.2500,62,0,40,0),(58,10327,'FOLKO',2,1099,'1996-10-11 00:00:00','1996-10-14 00:00:00',10.6000,62,0,30,0),(58,10675,'FRANK',5,1442,'1997-09-19 00:00:00','1997-09-23 00:00:00',13.2500,62,0,30,0),(58,10863,'HILAA',4,1578,'1998-02-02 00:00:00','1998-02-17 00:00:00',13.2500,62,0,12,0),(58,10373,'HUNGO',4,1154,'1996-12-05 00:00:00','1996-12-11 00:00:00',10.6000,62,0,80,0),(58,10661,'HUNGO',7,1432,'1997-09-09 00:00:00','1997-09-15 00:00:00',13.2500,62,0,49,0),(58,10697,'LINOD',3,1461,'1997-10-08 00:00:00','1997-10-14 00:00:00',13.2500,62,0,30,0),(58,10594,'OLDWO',3,1370,'1997-07-09 00:00:00','1997-07-16 00:00:00',13.2500,62,0,30,0),(58,10913,'QUEEN',4,1602,'1998-02-26 00:00:00','1998-03-04 00:00:00',13.2500,62,0,15,0),(58,10845,'QUICK',8,1566,'1998-01-21 00:00:00','1998-01-30 00:00:00',13.2500,62,0,60,0),(58,10314,'RATTC',1,1083,'1996-09-25 00:00:00','1996-10-04 00:00:00',10.6000,62,0,30,0),(58,10537,'RICSU',1,1314,'1997-05-14 00:00:00','1997-05-19 00:00:00',13.2500,62,0,20,0),(58,10714,'SAVEA',5,1475,'1997-10-22 00:00:00','1997-10-27 00:00:00',13.2500,62,0,12,0),(58,10930,'SUPRD',4,1610,'1998-03-06 00:00:00','1998-03-18 00:00:00',13.2500,62,0,30,0),(58,10839,'TRADH',3,1564,'1998-01-19 00:00:00','1998-01-22 00:00:00',13.2500,62,0,30,0),(58,10636,'WARTH',4,1411,'1997-08-19 00:00:00','1997-08-26 00:00:00',13.2500,62,0,6,0),(58,10904,'WHITC',3,1600,'1998-02-24 00:00:00','1998-02-27 00:00:00',13.2500,62,0,15,0),(58,10374,'WOLZA',1,1154,'1996-12-05 00:00:00','1996-12-09 00:00:00',10.6000,62,0,15,0),(59,10835,'ALFKI',1,1560,'1998-01-15 00:00:00','1998-01-21 00:00:00',55.0000,79,0,15,0),(59,10535,'ANTON',4,1313,'1997-05-13 00:00:00','1997-05-21 00:00:00',55.0000,79,0,15,0),(59,10278,'BERGS',8,1039,'1996-08-12 00:00:00','1996-08-16 00:00:00',44.0000,79,0,15,0),(59,10679,'BLONP',8,1446,'1997-09-23 00:00:00','1997-09-30 00:00:00',55.0000,79,0,12,0),(59,10410,'BOTTM',3,1190,'1997-01-10 00:00:00','1997-01-15 00:00:00',44.0000,79,0,16,0),(59,10411,'BOTTM',9,1190,'1997-01-10 00:00:00','1997-01-21 00:00:00',44.0000,79,0,9,0),(59,10947,'BSBEV',3,1617,'1998-03-13 00:00:00','1998-03-16 00:00:00',55.0000,79,0,4,0),(59,11036,'DRACD',8,1655,'1998-04-20 00:00:00','1998-04-22 00:00:00',55.0000,79,0,30,0),(59,10430,'ERNSH',4,1210,'1997-01-30 00:00:00','1997-02-03 00:00:00',44.0000,79,0,70,0),(59,11017,'ERNSH',9,1648,'1998-04-13 00:00:00','1998-04-20 00:00:00',55.0000,79,0,110,0),(59,10480,'FOLIG',6,1259,'1997-03-20 00:00:00','1997-03-24 00:00:00',44.0000,79,0,12,0),(59,10703,'FOLKO',6,1467,'1997-10-14 00:00:00','1997-10-20 00:00:00',55.0000,79,0,35,0),(59,10267,'FRANK',4,1025,'1996-07-29 00:00:00','1996-08-06 00:00:00',44.0000,79,0,70,0),(59,10488,'FRANK',8,1266,'1997-03-27 00:00:00','1997-04-02 00:00:00',44.0000,79,0,30,0),(59,10328,'FURIB',4,1102,'1996-10-14 00:00:00','1996-10-17 00:00:00',44.0000,79,0,9,0),(59,10423,'GOURL',6,1203,'1997-01-23 00:00:00','1997-02-24 00:00:00',44.0000,79,0,20,0),(59,10617,'GREAL',4,1392,'1997-07-31 00:00:00','1997-08-04 00:00:00',55.0000,79,0,30,0),(59,10490,'HILAA',7,1270,'1997-03-31 00:00:00','1997-04-03 00:00:00',44.0000,79,0,60,0),(59,10601,'HILAA',7,1377,'1997-07-16 00:00:00','1997-07-22 00:00:00',55.0000,79,0,35,0),(59,10567,'HUNGO',1,1343,'1997-06-12 00:00:00','1997-06-17 00:00:00',55.0000,79,0,40,0),(59,10298,'HUNGO',6,1063,'1996-09-05 00:00:00','1996-09-11 00:00:00',44.0000,79,0,30,0),(59,10701,'HUNGO',6,1466,'1997-10-13 00:00:00','1997-10-15 00:00:00',55.0000,79,0,42,0),(59,10749,'ISLAT',4,1504,'1997-11-20 00:00:00','1997-12-19 00:00:00',55.0000,79,0,6,0),(59,10457,'KOENE',2,1236,'1997-02-25 00:00:00','1997-03-03 00:00:00',44.0000,79,0,36,0),(59,11028,'KOENE',2,1651,'1998-04-16 00:00:00','1998-04-22 00:00:00',55.0000,79,0,24,0),(59,10799,'KOENE',9,1540,'1997-12-26 00:00:00','1998-01-05 00:00:00',55.0000,79,0,25,0),(59,10772,'LEHMS',3,1524,'1997-12-10 00:00:00','1997-12-19 00:00:00',55.0000,79,0,25,0),(59,10823,'LILAS',5,1554,'1998-01-09 00:00:00','1998-01-13 00:00:00',55.0000,79,0,40,0),(59,10665,'LONEP',1,1434,'1997-09-11 00:00:00','1997-09-17 00:00:00',55.0000,79,0,1,0),(59,10275,'MAGAA',1,1034,'1996-08-07 00:00:00','1996-08-09 00:00:00',44.0000,79,0,6,0),(59,10892,'MAISD',4,1593,'1998-02-17 00:00:00','1998-02-19 00:00:00',55.0000,79,0,40,0),(59,10605,'MEREP',1,1382,'1997-07-21 00:00:00','1997-07-29 00:00:00',55.0000,79,0,20,0),(59,10575,'MORGK',5,1351,'1997-06-20 00:00:00','1997-06-30 00:00:00',55.0000,79,0,12,0),(59,10517,'NORTS',3,1294,'1997-04-24 00:00:00','1997-04-29 00:00:00',55.0000,79,0,4,0),(59,10531,'OCEAN',7,1308,'1997-05-08 00:00:00','1997-05-19 00:00:00',55.0000,79,0,2,0),(59,10706,'OLDWO',8,1469,'1997-10-16 00:00:00','1997-10-21 00:00:00',55.0000,79,0,8,0),(59,10694,'QUICK',8,1459,'1997-10-06 00:00:00','1997-10-09 00:00:00',55.0000,79,0,25,0),(59,10745,'QUICK',9,1502,'1997-11-18 00:00:00','1997-11-27 00:00:00',55.0000,79,0,45,0),(59,10479,'RATTC',3,1258,'1997-03-19 00:00:00','1997-03-21 00:00:00',44.0000,79,0,60,0),(59,10727,'REGGC',2,1487,'1997-11-03 00:00:00','1997-12-05 00:00:00',55.0000,79,0,10,0),(59,10851,'RICAR',5,1571,'1998-01-26 00:00:00','1998-02-02 00:00:00',55.0000,79,0,42,0),(59,10255,'RICSU',9,1008,'1996-07-12 00:00:00','1996-07-15 00:00:00',44.0000,79,0,30,0),(59,10387,'SANTG',1,1167,'1996-12-18 00:00:00','1996-12-20 00:00:00',44.0000,79,0,12,0),(59,10757,'SAVEA',6,1511,'1997-11-27 00:00:00','1997-12-15 00:00:00',55.0000,79,0,7,0),(59,11030,'SAVEA',7,1652,'1998-04-17 00:00:00','1998-04-27 00:00:00',55.0000,79,0,100,0),(59,10324,'SAVEA',9,1096,'1996-10-08 00:00:00','1996-10-10 00:00:00',44.0000,79,0,40,0),(59,10341,'SIMOB',7,1117,'1996-10-29 00:00:00','1996-11-05 00:00:00',44.0000,79,0,9,0),(59,10841,'SUPRD',5,1565,'1998-01-20 00:00:00','1998-01-29 00:00:00',55.0000,79,0,50,0),(59,10304,'TORTU',1,1070,'1996-09-12 00:00:00','1996-09-17 00:00:00',44.0000,79,0,10,0),(59,10994,'VAFFE',2,1637,'1998-04-02 00:00:00','1998-04-09 00:00:00',55.0000,79,0,18,0),(59,10750,'WARTH',9,1505,'1997-11-21 00:00:00','1997-11-24 00:00:00',55.0000,79,0,25,0),(59,10803,'WELLI',4,1544,'1997-12-30 00:00:00','1998-01-06 00:00:00',55.0000,79,0,15,0),(59,11032,'WHITC',2,1652,'1998-04-17 00:00:00','1998-04-23 00:00:00',55.0000,79,0,30,0),(59,11005,'WILMK',2,1642,'1998-04-07 00:00:00','1998-04-10 00:00:00',55.0000,79,0,10,0),(60,10625,'ANATR',3,1400,'1997-08-08 00:00:00','1997-08-14 00:00:00',34.0000,19,0,10,0),(60,10768,'AROUT',3,1522,'1997-12-08 00:00:00','1997-12-15 00:00:00',34.0000,19,0,15,0),(60,10626,'BERGS',1,1403,'1997-08-11 00:00:00','1997-08-20 00:00:00',34.0000,19,0,20,0),(60,10384,'BERGS',3,1165,'1996-12-16 00:00:00','1996-12-20 00:00:00',27.2000,19,0,15,0),(60,11058,'BLAUS',9,1664,'1998-04-29 00:00:00',NULL,34.0000,19,0,21,0),(60,10742,'BOTTM',3,1498,'1997-11-14 00:00:00','1997-11-18 00:00:00',34.0000,19,0,50,0),(60,10918,'BOTTM',3,1606,'1998-03-02 00:00:00','1998-03-11 00:00:00',34.0000,19,0,25,0),(60,10519,'CHOPS',6,1298,'1997-04-28 00:00:00','1997-05-01 00:00:00',34.0000,19,0,10,0),(60,11056,'EASTC',8,1663,'1998-04-28 00:00:00','1998-05-01 00:00:00',34.0000,19,0,50,0),(60,10895,'ERNSH',3,1594,'1998-02-18 00:00:00','1998-02-23 00:00:00',34.0000,19,0,100,0),(60,10836,'ERNSH',7,1561,'1998-01-16 00:00:00','1998-01-21 00:00:00',34.0000,19,0,60,0),(60,10512,'FAMIA',7,1291,'1997-04-21 00:00:00','1997-04-24 00:00:00',34.0000,19,0,12,0),(60,10653,'FRANK',1,1425,'1997-09-02 00:00:00','1997-09-19 00:00:00',34.0000,19,0,20,0),(60,11012,'FRANK',1,1644,'1998-04-09 00:00:00','1998-04-17 00:00:00',34.0000,19,0,36,0),(60,11060,'FRANS',2,1665,'1998-04-30 00:00:00','1998-05-04 00:00:00',34.0000,19,0,4,0),(60,10464,'FURIB',4,1243,'1997-03-04 00:00:00','1997-03-14 00:00:00',27.2000,19,0,20,0),(60,10963,'FURIB',9,1623,'1998-03-19 00:00:00','1998-03-26 00:00:00',34.0000,19,0,2,0),(60,11009,'GODOS',2,1643,'1998-04-08 00:00:00','1998-04-10 00:00:00',34.0000,19,0,9,0),(60,10709,'GOURL',1,1470,'1997-10-17 00:00:00','1997-11-20 00:00:00',34.0000,19,0,10,0),(60,11061,'GREAL',4,1665,'1998-04-30 00:00:00',NULL,34.0000,19,0,15,0),(60,10380,'HUNGO',8,1161,'1996-12-12 00:00:00','1997-01-16 00:00:00',27.2000,19,0,6,0),(60,10829,'ISLAT',9,1558,'1998-01-13 00:00:00','1998-01-23 00:00:00',34.0000,19,0,21,0),(60,10536,'LEHMS',3,1314,'1997-05-14 00:00:00','1997-06-06 00:00:00',34.0000,19,0,35,0),(60,10284,'LEHMS',4,1046,'1996-08-19 00:00:00','1996-08-27 00:00:00',27.2000,19,0,20,0),(60,10357,'LILAS',1,1138,'1996-11-19 00:00:00','1996-12-02 00:00:00',27.2000,19,0,8,0),(60,10283,'LILAS',3,1043,'1996-08-16 00:00:00','1996-08-23 00:00:00',27.2000,19,0,35,0),(60,10954,'LINOD',5,1621,'1998-03-17 00:00:00','1998-03-20 00:00:00',34.0000,19,0,24,0),(60,10605,'MEREP',1,1382,'1997-07-21 00:00:00','1997-07-29 00:00:00',34.0000,19,0,70,0),(60,10684,'OTTIK',3,1449,'1997-09-26 00:00:00','1997-09-30 00:00:00',34.0000,19,0,30,0),(60,10995,'PERIC',1,1637,'1998-04-02 00:00:00','1998-04-06 00:00:00',34.0000,19,0,4,0),(60,10728,'QUEEN',4,1488,'1997-11-04 00:00:00','1997-11-11 00:00:00',34.0000,19,0,15,0),(60,10372,'QUEEN',5,1153,'1996-12-04 00:00:00','1996-12-09 00:00:00',27.2000,19,0,70,0),(60,10361,'QUICK',1,1141,'1996-11-22 00:00:00','1996-12-03 00:00:00',27.2000,19,0,55,0),(60,10515,'QUICK',2,1293,'1997-04-23 00:00:00','1997-05-23 00:00:00',34.0000,19,0,84,0),(60,10938,'QUICK',3,1614,'1998-03-10 00:00:00','1998-03-16 00:00:00',34.0000,19,0,49,0),(60,10658,'QUICK',4,1428,'1997-09-05 00:00:00','1997-09-08 00:00:00',34.0000,19,0,55,0),(60,10294,'RATTC',4,1057,'1996-08-30 00:00:00','1996-09-05 00:00:00',27.2000,19,0,21,0),(60,11059,'RICAR',2,1664,'1998-04-29 00:00:00',NULL,34.0000,19,0,35,0),(60,10481,'RICAR',8,1259,'1997-03-20 00:00:00','1997-03-25 00:00:00',27.2000,19,0,40,0),(60,10419,'RICSU',4,1200,'1997-01-20 00:00:00','1997-01-30 00:00:00',27.2000,19,0,60,0),(60,10917,'ROMEY',4,1606,'1998-03-02 00:00:00','1998-03-11 00:00:00',34.0000,19,0,10,0),(60,10612,'SAVEA',1,1389,'1997-07-28 00:00:00','1997-08-01 00:00:00',34.0000,19,0,40,0),(60,10657,'SAVEA',2,1427,'1997-09-04 00:00:00','1997-09-15 00:00:00',34.0000,19,0,30,0),(60,10847,'SAVEA',4,1567,'1998-01-22 00:00:00','1998-02-10 00:00:00',34.0000,19,0,45,0),(60,10359,'SEVES',5,1140,'1996-11-21 00:00:00','1996-11-26 00:00:00',27.2000,19,0,80,0),(60,10385,'SPLIR',1,1166,'1996-12-17 00:00:00','1996-12-23 00:00:00',27.2000,19,0,20,0),(60,10252,'SUPRD',4,1005,'1996-07-09 00:00:00','1996-07-11 00:00:00',27.2000,19,0,40,0),(60,10830,'TRADH',4,1558,'1998-01-13 00:00:00','1998-01-21 00:00:00',34.0000,19,0,30,0),(60,10583,'WARTH',2,1361,'1997-06-30 00:00:00','1997-07-04 00:00:00',34.0000,19,0,24,0),(60,10611,'WOLZA',6,1386,'1997-07-25 00:00:00','1997-08-01 00:00:00',34.0000,19,0,15,0),(61,11058,'BLAUS',9,1664,'1998-04-29 00:00:00',NULL,28.5000,113,0,4,0),(61,11042,'COMMI',2,1657,'1998-04-22 00:00:00','1998-05-01 00:00:00',28.5000,113,0,4,0),(61,10595,'ERNSH',2,1371,'1997-07-10 00:00:00','1997-07-14 00:00:00',28.5000,113,0,120,0),(61,10990,'ERNSH',2,1636,'1998-04-01 00:00:00','1998-04-07 00:00:00',28.5000,113,0,66,0),(61,10880,'FOLKO',7,1586,'1998-02-10 00:00:00','1998-02-18 00:00:00',28.5000,113,0,30,0),(61,10550,'GODOS',7,1328,'1997-05-28 00:00:00','1997-06-06 00:00:00',28.5000,113,0,10,0),(61,11052,'HANAR',3,1662,'1998-04-27 00:00:00','1998-05-01 00:00:00',28.5000,113,0,10,0),(61,10933,'ISLAT',6,1610,'1998-03-06 00:00:00','1998-03-16 00:00:00',28.5000,113,0,30,0),(61,10735,'LETSS',6,1494,'1997-11-10 00:00:00','1997-11-21 00:00:00',28.5000,113,0,20,0),(61,10724,'MEREP',8,1483,'1997-10-30 00:00:00','1997-11-05 00:00:00',28.5000,113,0,5,0),(61,11034,'OLDWO',8,1655,'1998-04-20 00:00:00','1998-04-27 00:00:00',28.5000,113,0,6,0),(61,10530,'PICCO',3,1308,'1997-05-08 00:00:00','1997-05-12 00:00:00',28.5000,113,0,20,0),(61,10418,'QUICK',4,1197,'1997-01-17 00:00:00','1997-01-24 00:00:00',22.8000,113,0,16,0),(61,10716,'RANCH',4,1477,'1997-10-24 00:00:00','1997-10-27 00:00:00',28.5000,113,0,10,0),(61,10440,'SAVEA',4,1221,'1997-02-10 00:00:00','1997-02-28 00:00:00',22.8000,113,0,90,0),(61,10642,'SIMOB',7,1414,'1997-08-22 00:00:00','1997-09-05 00:00:00',28.5000,113,0,20,0),(61,10769,'VAFFE',3,1522,'1997-12-08 00:00:00','1997-12-12 00:00:00',28.5000,113,0,20,0),(61,10814,'VICTE',3,1550,'1998-01-05 00:00:00','1998-01-14 00:00:00',28.5000,113,0,30,0),(61,10513,'WANDK',7,1292,'1997-04-22 00:00:00','1997-04-28 00:00:00',28.5000,113,0,15,0),(61,10455,'WARTH',8,1235,'1997-02-24 00:00:00','1997-03-03 00:00:00',22.8000,113,0,25,0),(61,10504,'WHITC',4,1281,'1997-04-11 00:00:00','1997-04-18 00:00:00',28.5000,113,0,25,0),(61,10910,'WILMK',1,1602,'1998-02-26 00:00:00','1998-03-04 00:00:00',28.5000,113,0,5,0),(61,10906,'WOLZA',4,1601,'1998-02-25 00:00:00','1998-03-03 00:00:00',28.5000,113,0,15,0),(61,10998,'WOLZA',8,1638,'1998-04-03 00:00:00','1998-04-17 00:00:00',28.5000,113,0,7,0),(62,10449,'BLONP',3,1229,'1997-02-18 00:00:00','1997-02-27 00:00:00',39.4000,17,0,35,0),(62,10932,'BONAP',8,1610,'1998-03-06 00:00:00','1998-03-24 00:00:00',49.3000,17,0,14,0),(62,11027,'BOTTM',1,1651,'1998-04-16 00:00:00','1998-04-20 00:00:00',49.3000,17,0,21,0),(62,10949,'BOTTM',2,1617,'1998-03-13 00:00:00','1998-03-17 00:00:00',49.3000,17,0,60,0),(62,10389,'BOTTM',4,1169,'1996-12-20 00:00:00','1996-12-24 00:00:00',39.4000,17,0,20,0),(62,10599,'BSBEV',6,1376,'1997-07-15 00:00:00','1997-07-21 00:00:00',49.3000,17,0,10,0),(62,10746,'CHOPS',1,1503,'1997-11-19 00:00:00','1997-11-21 00:00:00',49.3000,17,0,9,0),(62,10966,'CHOPS',4,1624,'1998-03-20 00:00:00','1998-04-08 00:00:00',49.3000,17,0,12,0),(62,10633,'ERNSH',7,1407,'1997-08-15 00:00:00','1997-08-18 00:00:00',49.3000,17,0,80,0),(62,10408,'FOLIG',8,1188,'1997-01-08 00:00:00','1997-01-14 00:00:00',39.4000,17,0,35,0),(62,10902,'FOLKO',1,1599,'1998-02-23 00:00:00','1998-03-03 00:00:00',49.3000,17,0,6,0),(62,10560,'FRANK',8,1337,'1997-06-06 00:00:00','1997-06-09 00:00:00',49.3000,17,0,15,0),(62,10671,'FRANR',1,1440,'1997-09-17 00:00:00','1997-09-24 00:00:00',49.3000,17,0,10,0),(62,10872,'GODOS',5,1581,'1998-02-05 00:00:00','1998-02-09 00:00:00',49.3000,17,0,20,0),(62,10816,'GREAL',4,1551,'1998-01-06 00:00:00','1998-02-04 00:00:00',49.3000,17,0,20,0),(62,10394,'HUNGC',1,1174,'1996-12-25 00:00:00','1997-01-03 00:00:00',39.4000,17,0,10,0),(62,10298,'HUNGO',6,1063,'1996-09-05 00:00:00','1996-09-11 00:00:00',39.4000,17,0,15,0),(62,10798,'ISLAT',2,1540,'1997-12-26 00:00:00','1998-01-05 00:00:00',49.3000,17,0,2,0),(62,10718,'KOENE',1,1480,'1997-10-27 00:00:00','1997-10-29 00:00:00',49.3000,17,0,20,0),(62,10817,'KOENE',3,1551,'1998-01-06 00:00:00','1998-01-13 00:00:00',49.3000,17,0,25,0),(62,10413,'LAMAI',3,1194,'1997-01-14 00:00:00','1997-01-16 00:00:00',39.4000,17,0,40,0),(62,10307,'LONEP',2,1075,'1996-09-17 00:00:00','1996-09-25 00:00:00',39.4000,17,0,10,0),(62,10339,'MEREP',2,1116,'1996-10-28 00:00:00','1996-11-04 00:00:00',39.4000,17,0,28,0),(62,10505,'MEREP',3,1284,'1997-04-14 00:00:00','1997-04-21 00:00:00',49.3000,17,0,3,0),(62,10277,'MORGK',2,1036,'1996-08-09 00:00:00','1996-08-13 00:00:00',39.4000,17,0,12,0),(62,10779,'MORGK',3,1530,'1997-12-16 00:00:00','1998-01-14 00:00:00',49.3000,17,0,20,0),(62,10260,'OTTIK',4,1015,'1996-07-19 00:00:00','1996-07-29 00:00:00',39.4000,17,0,15,0),(62,10554,'OTTIK',4,1330,'1997-05-30 00:00:00','1997-06-05 00:00:00',49.3000,17,0,20,0),(62,10691,'QUICK',2,1456,'1997-10-03 00:00:00','1997-10-22 00:00:00',49.3000,17,0,48,0),(62,10286,'QUICK',8,1048,'1996-08-21 00:00:00','1996-08-30 00:00:00',39.4000,17,0,40,0),(62,10314,'RATTC',1,1083,'1996-09-25 00:00:00','1996-10-04 00:00:00',39.4000,17,0,25,0),(62,10316,'RATTC',1,1085,'1996-09-27 00:00:00','1996-10-08 00:00:00',39.4000,17,0,70,0),(62,10988,'RATTC',3,1635,'1998-03-31 00:00:00','1998-04-10 00:00:00',49.3000,17,0,40,0),(62,10852,'RATTC',8,1571,'1998-01-26 00:00:00','1998-01-30 00:00:00',49.3000,17,0,50,0),(62,10562,'REGGC',1,1340,'1997-06-09 00:00:00','1997-06-12 00:00:00',49.3000,17,0,10,0),(62,10757,'SAVEA',6,1511,'1997-11-27 00:00:00','1997-12-15 00:00:00',49.3000,17,0,30,0),(62,10941,'SAVEA',7,1615,'1998-03-11 00:00:00','1998-03-20 00:00:00',49.3000,17,0,30,0),(62,10627,'SAVEA',8,1403,'1997-08-11 00:00:00','1997-08-21 00:00:00',49.3000,17,0,15,0),(62,10802,'SIMOB',4,1543,'1997-12-29 00:00:00','1998-01-02 00:00:00',49.3000,17,0,5,0),(62,10310,'THEBI',8,1078,'1996-09-20 00:00:00','1996-09-27 00:00:00',39.4000,17,0,5,0),(62,10606,'TRADH',4,1383,'1997-07-22 00:00:00','1997-07-31 00:00:00',49.3000,17,0,10,0),(62,10574,'TRAIH',4,1350,'1997-06-19 00:00:00','1997-06-30 00:00:00',49.3000,17,0,10,0),(62,10822,'TRAIH',6,1553,'1998-01-08 00:00:00','1998-01-16 00:00:00',49.3000,17,0,3,0),(62,10769,'VAFFE',3,1522,'1997-12-08 00:00:00','1997-12-12 00:00:00',49.3000,17,0,15,0),(62,10546,'VICTE',1,1323,'1997-05-23 00:00:00','1997-05-27 00:00:00',49.3000,17,0,40,0),(62,10904,'WHITC',3,1600,'1998-02-24 00:00:00','1998-02-27 00:00:00',49.3000,17,0,35,0),(62,10861,'WHITC',4,1575,'1998-01-30 00:00:00','1998-02-17 00:00:00',49.3000,17,0,3,0),(62,11044,'WOLZA',4,1658,'1998-04-23 00:00:00','1998-05-01 00:00:00',49.3000,17,0,12,0),(63,10692,'ALFKI',4,1456,'1997-10-03 00:00:00','1997-10-13 00:00:00',43.9000,24,0,20,0),(63,10278,'BERGS',8,1039,'1996-08-12 00:00:00','1996-08-16 00:00:00',35.1000,24,0,8,0),(63,11041,'CHOPS',3,1657,'1998-04-22 00:00:00','1998-04-28 00:00:00',43.9000,24,0,30,0),(63,11029,'CHOPS',4,1651,'1998-04-16 00:00:00','1998-04-27 00:00:00',43.9000,24,0,12,0),(63,10402,'ERNSH',8,1182,'1997-01-02 00:00:00','1997-01-10 00:00:00',35.1000,24,0,65,0),(63,10979,'ERNSH',8,1630,'1998-03-26 00:00:00','1998-03-31 00:00:00',43.9000,24,0,35,0),(63,10789,'FOLIG',1,1536,'1997-12-22 00:00:00','1997-12-31 00:00:00',43.9000,24,0,30,0),(63,10977,'FOLKO',8,1630,'1998-03-26 00:00:00','1998-04-10 00:00:00',43.9000,24,0,20,0),(63,10429,'HUNGO',3,1209,'1997-01-29 00:00:00','1997-02-07 00:00:00',35.1000,24,0,35,0),(63,10575,'MORGK',5,1351,'1997-06-20 00:00:00','1997-06-30 00:00:00',43.9000,24,0,6,0),(63,10747,'PICCO',6,1503,'1997-11-19 00:00:00','1997-11-26 00:00:00',43.9000,24,0,9,0),(63,10379,'QUEDE',2,1160,'1996-12-11 00:00:00','1996-12-13 00:00:00',35.1000,24,0,16,0),(63,10324,'SAVEA',9,1096,'1996-10-08 00:00:00','1996-10-10 00:00:00',35.1000,24,0,80,0),(63,10974,'SPLIR',3,1629,'1998-03-25 00:00:00','1998-04-03 00:00:00',43.9000,24,0,10,0),(63,10293,'TORTU',1,1056,'1996-08-29 00:00:00','1996-09-11 00:00:00',35.1000,24,0,5,0),(63,10921,'VAFFE',1,1607,'1998-03-03 00:00:00','1998-03-09 00:00:00',43.9000,24,0,40,0),(63,10596,'WHITC',8,1372,'1997-07-11 00:00:00','1997-08-12 00:00:00',43.9000,24,0,24,0),(64,10436,'BLONP',3,1216,'1997-02-05 00:00:00','1997-02-11 00:00:00',26.6000,22,80,30,0),(64,10470,'BONAP',4,1250,'1997-03-11 00:00:00','1997-03-14 00:00:00',26.6000,22,80,8,0),(64,10876,'BONAP',7,1585,'1998-02-09 00:00:00','1998-02-12 00:00:00',33.2500,22,80,20,0),(64,10289,'BSBEV',7,1053,'1996-08-26 00:00:00','1996-08-28 00:00:00',26.6000,22,80,9,0),(64,10370,'CHOPS',6,1152,'1996-12-03 00:00:00','1996-12-27 00:00:00',26.6000,22,80,30,0),(64,10968,'ERNSH',1,1627,'1998-03-23 00:00:00','1998-04-01 00:00:00',33.2500,22,80,4,0),(64,10368,'ERNSH',2,1148,'1996-11-29 00:00:00','1996-12-02 00:00:00',26.6000,22,80,35,0),(64,11072,'ERNSH',4,1670,'1998-05-05 00:00:00',NULL,33.2500,22,80,130,0),(64,10836,'ERNSH',7,1561,'1998-01-16 00:00:00','1998-01-21 00:00:00',33.2500,22,80,30,0),(64,10859,'FRANK',1,1574,'1998-01-29 00:00:00','1998-02-02 00:00:00',33.2500,22,80,30,0),(64,10426,'GALED',4,1207,'1997-01-27 00:00:00','1997-02-06 00:00:00',26.6000,22,80,7,0),(64,10629,'GODOS',4,1404,'1997-08-12 00:00:00','1997-08-20 00:00:00',33.2500,22,80,9,0),(64,10872,'GODOS',5,1581,'1998-02-05 00:00:00','1998-02-09 00:00:00',33.2500,22,80,15,0),(64,10681,'GREAL',3,1448,'1997-09-25 00:00:00','1997-09-30 00:00:00',33.2500,22,80,28,0),(64,10796,'HILAA',3,1539,'1997-12-25 00:00:00','1998-01-14 00:00:00',33.2500,22,80,35,0),(64,10957,'HILAA',8,1622,'1998-03-18 00:00:00','1998-03-27 00:00:00',33.2500,22,80,8,0),(64,10832,'LAMAI',2,1559,'1998-01-14 00:00:00','1998-01-19 00:00:00',33.2500,22,80,3,0),(64,10343,'LEHMS',4,1119,'1996-10-31 00:00:00','1996-11-06 00:00:00',26.6000,22,80,50,0),(64,10557,'LEHMS',9,1334,'1997-06-03 00:00:00','1997-06-06 00:00:00',33.2500,22,80,30,0),(64,10439,'MEREP',6,1218,'1997-02-07 00:00:00','1997-02-10 00:00:00',26.6000,22,80,6,0),(64,10565,'MEREP',8,1342,'1997-06-11 00:00:00','1997-06-18 00:00:00',33.2500,22,80,18,0),(64,11053,'PICCO',2,1662,'1998-04-27 00:00:00','1998-04-29 00:00:00',33.2500,22,80,25,0),(64,10451,'QUICK',4,1230,'1997-02-19 00:00:00','1997-03-12 00:00:00',26.6000,22,80,35,0),(64,10845,'QUICK',8,1566,'1998-01-21 00:00:00','1998-01-30 00:00:00',33.2500,22,80,48,0),(64,10479,'RATTC',3,1258,'1997-03-19 00:00:00','1997-03-21 00:00:00',26.6000,22,80,30,0),(64,10757,'SAVEA',6,1511,'1997-11-27 00:00:00','1997-12-15 00:00:00',33.2500,22,80,24,0),(64,11031,'SAVEA',6,1652,'1998-04-17 00:00:00','1998-04-24 00:00:00',33.2500,22,80,20,0),(64,10574,'TRAIH',4,1350,'1997-06-19 00:00:00','1997-06-30 00:00:00',33.2500,22,80,6,0),(64,10668,'WANDK',1,1438,'1997-09-15 00:00:00','1997-09-23 00:00:00',33.2500,22,80,15,0),(65,10730,'BONAP',5,1489,'1997-11-05 00:00:00','1997-11-14 00:00:00',21.0500,76,0,10,0),(65,11024,'EASTC',4,1650,'1998-04-15 00:00:00','1998-04-20 00:00:00',21.0500,76,0,21,0),(65,10351,'ERNSH',1,1130,'1996-11-11 00:00:00','1996-11-20 00:00:00',16.8000,76,0,10,0),(65,10514,'ERNSH',3,1292,'1997-04-22 00:00:00','1997-05-16 00:00:00',21.0500,76,0,39,0),(65,10698,'ERNSH',4,1462,'1997-10-09 00:00:00','1997-10-17 00:00:00',21.0500,76,0,65,0),(65,10671,'FRANR',1,1440,'1997-09-17 00:00:00','1997-09-24 00:00:00',21.0500,76,0,12,0),(65,10664,'FURIB',1,1433,'1997-09-10 00:00:00','1997-09-19 00:00:00',21.0500,76,0,15,0),(65,10328,'FURIB',4,1102,'1996-10-14 00:00:00','1996-10-17 00:00:00',16.8000,76,0,40,0),(65,10366,'GALED',8,1147,'1996-11-28 00:00:00','1996-12-30 00:00:00',16.8000,76,0,5,0),(65,10872,'GODOS',5,1581,'1998-02-05 00:00:00','1998-02-09 00:00:00',21.0500,76,0,21,0),(65,10303,'GODOS',7,1069,'1996-09-11 00:00:00','1996-09-18 00:00:00',16.8000,76,0,30,0),(65,10541,'HANAR',2,1319,'1997-05-19 00:00:00','1997-05-29 00:00:00',21.0500,76,0,36,0),(65,10903,'HANAR',3,1600,'1998-02-24 00:00:00','1998-03-04 00:00:00',21.0500,76,0,21,0),(65,10250,'HANAR',4,1004,'1996-07-08 00:00:00','1996-07-12 00:00:00',16.8000,76,0,15,0),(65,10503,'HUNGO',6,1281,'1997-04-11 00:00:00','1997-04-16 00:00:00',21.0500,76,0,20,0),(65,10736,'HUNGO',9,1495,'1997-11-11 00:00:00','1997-11-21 00:00:00',21.0500,76,0,40,0),(65,10493,'LAMAI',4,1272,'1997-04-02 00:00:00','1997-04-10 00:00:00',16.8000,76,0,15,0),(65,10884,'LETSS',4,1588,'1998-02-12 00:00:00','1998-02-13 00:00:00',21.0500,76,0,12,0),(65,10638,'LINOD',3,1412,'1997-08-20 00:00:00','1997-09-01 00:00:00',21.0500,76,0,21,0),(65,10855,'OLDWO',3,1572,'1998-01-27 00:00:00','1998-02-04 00:00:00',21.0500,76,0,15,0),(65,10580,'OTTIK',4,1357,'1997-06-26 00:00:00','1997-07-01 00:00:00',21.0500,76,0,30,0),(65,10597,'PICCO',7,1372,'1997-07-11 00:00:00','1997-07-18 00:00:00',21.0500,76,0,12,0),(65,10379,'QUEDE',2,1160,'1996-12-11 00:00:00','1996-12-13 00:00:00',16.8000,76,0,20,0),(65,10765,'QUICK',3,1518,'1997-12-04 00:00:00','1997-12-09 00:00:00',21.0500,76,0,80,0),(65,10451,'QUICK',4,1230,'1997-02-19 00:00:00','1997-03-12 00:00:00',16.8000,76,0,28,0),(65,10401,'RATTC',1,1181,'1997-01-01 00:00:00','1997-01-10 00:00:00',16.8000,76,0,20,0),(65,10447,'RICAR',4,1225,'1997-02-14 00:00:00','1997-03-07 00:00:00',16.8000,76,0,35,0),(65,10666,'RICSU',7,1435,'1997-09-12 00:00:00','1997-09-22 00:00:00',21.0500,76,0,10,0),(65,10367,'VAFFE',7,1147,'1996-11-28 00:00:00','1996-12-02 00:00:00',16.8000,76,0,15,0),(65,10251,'VICTE',3,1004,'1996-07-08 00:00:00','1996-07-15 00:00:00',16.8000,76,0,20,0),(65,10806,'VICTE',3,1545,'1997-12-31 00:00:00','1998-01-05 00:00:00',21.0500,76,0,2,0),(65,10879,'WILMK',3,1586,'1998-02-10 00:00:00','1998-02-12 00:00:00',21.0500,76,0,10,0),(66,10682,'ANTON',3,1448,'1997-09-25 00:00:00','1997-10-01 00:00:00',17.0000,4,100,4,0),(66,10532,'EASTC',7,1309,'1997-05-09 00:00:00','1997-05-12 00:00:00',17.0000,4,100,24,0),(66,10442,'ERNSH',3,1222,'1997-02-11 00:00:00','1997-02-18 00:00:00',13.6000,4,100,60,0),(66,10774,'FOLKO',4,1525,'1997-12-11 00:00:00','1997-12-12 00:00:00',17.0000,4,100,50,0),(66,10493,'LAMAI',4,1272,'1997-04-02 00:00:00','1997-04-10 00:00:00',13.6000,4,100,10,0),(66,10300,'MAGAA',2,1067,'1996-09-09 00:00:00','1996-09-18 00:00:00',13.6000,4,100,30,0),(66,10475,'SUPRD',9,1253,'1997-03-14 00:00:00','1997-04-04 00:00:00',13.6000,4,100,60,0),(67,10864,'AROUT',4,1578,'1998-02-02 00:00:00','1998-02-09 00:00:00',14.0000,52,0,15,0),(67,11054,'CACTU',8,1663,'1998-04-28 00:00:00',NULL,14.0000,52,0,20,0),(67,10670,'FRANK',4,1439,'1997-09-16 00:00:00','1997-09-18 00:00:00',14.0000,52,0,25,0),(67,10911,'GODOS',3,1602,'1998-02-26 00:00:00','1998-03-05 00:00:00',14.0000,52,0,15,0),(67,10923,'LAMAI',7,1607,'1998-03-03 00:00:00','1998-03-13 00:00:00',14.0000,52,0,24,0),(67,10284,'LEHMS',4,1046,'1996-08-19 00:00:00','1996-08-27 00:00:00',11.2000,52,0,5,0),(67,10544,'LONEP',4,1321,'1997-05-21 00:00:00','1997-05-30 00:00:00',14.0000,52,0,7,0),(67,10939,'MAGAA',2,1614,'1998-03-10 00:00:00','1998-03-13 00:00:00',14.0000,52,0,40,0),(67,10502,'PERIC',2,1280,'1997-04-10 00:00:00','1997-04-29 00:00:00',14.0000,52,0,30,0),(67,10775,'THECR',7,1526,'1997-12-12 00:00:00','1997-12-26 00:00:00',14.0000,52,0,3,0),(68,11048,'BOTTM',7,1659,'1998-04-24 00:00:00','1998-04-30 00:00:00',12.5000,6,10,42,0),(68,10521,'CACTU',8,1299,'1997-04-29 00:00:00','1997-05-02 00:00:00',12.5000,6,10,6,0),(68,10789,'FOLIG',1,1536,'1997-12-22 00:00:00','1997-12-31 00:00:00',12.5000,6,10,18,0),(68,10460,'FOLKO',8,1239,'1997-02-28 00:00:00','1997-03-03 00:00:00',10.0000,6,10,21,0),(68,10328,'FURIB',4,1102,'1996-10-14 00:00:00','1996-10-17 00:00:00',10.0000,6,10,10,0),(68,10888,'GODOS',1,1592,'1998-02-16 00:00:00','1998-02-23 00:00:00',12.5000,6,10,18,0),(68,10303,'GODOS',7,1069,'1996-09-11 00:00:00','1996-09-18 00:00:00',10.0000,6,10,15,0),(68,10903,'HANAR',3,1600,'1998-02-24 00:00:00','1998-03-04 00:00:00',12.5000,6,10,20,0),(68,10490,'HILAA',7,1270,'1997-03-31 00:00:00','1997-04-03 00:00:00',10.0000,6,10,30,0),(68,10343,'LEHMS',4,1119,'1996-10-31 00:00:00','1996-11-06 00:00:00',10.0000,6,10,4,0),(68,10307,'LONEP',2,1075,'1996-09-17 00:00:00','1996-09-25 00:00:00',10.0000,6,10,3,0),(68,10662,'LONEP',3,1432,'1997-09-09 00:00:00','1997-09-18 00:00:00',12.5000,6,10,10,0),(68,10300,'MAGAA',2,1067,'1996-09-09 00:00:00','1996-09-18 00:00:00',10.0000,6,10,20,0),(68,10529,'MAISD',5,1307,'1997-05-07 00:00:00','1997-05-09 00:00:00',12.5000,6,10,20,0),(68,10618,'MEREP',1,1393,'1997-08-01 00:00:00','1997-08-08 00:00:00',12.5000,6,10,15,0),(68,10424,'MEREP',7,1203,'1997-01-23 00:00:00','1997-01-27 00:00:00',10.0000,6,10,30,0),(68,10766,'OTTIK',4,1519,'1997-12-05 00:00:00','1997-12-09 00:00:00',12.5000,6,10,40,0),(68,10540,'QUICK',3,1319,'1997-05-19 00:00:00','1997-06-13 00:00:00',12.5000,6,10,35,0),(68,10288,'REGGC',4,1050,'1996-08-23 00:00:00','1996-09-03 00:00:00',10.0000,6,10,3,0),(68,10622,'RICAR',4,1398,'1997-08-06 00:00:00','1997-08-11 00:00:00',12.5000,6,10,18,0),(68,11013,'ROMEY',2,1644,'1998-04-09 00:00:00','1998-04-10 00:00:00',12.5000,6,10,2,0),(68,11064,'SAVEA',1,1666,'1998-05-01 00:00:00','1998-05-04 00:00:00',12.5000,6,10,55,0),(68,10700,'SAVEA',3,1463,'1997-10-10 00:00:00','1997-10-16 00:00:00',12.5000,6,10,40,0),(68,10941,'SAVEA',7,1615,'1998-03-11 00:00:00','1998-03-20 00:00:00',12.5000,6,10,80,0),(68,10722,'SAVEA',8,1482,'1997-10-29 00:00:00','1997-11-04 00:00:00',12.5000,6,10,45,0),(68,10869,'SEVES',5,1580,'1998-02-04 00:00:00','1998-02-09 00:00:00',12.5000,6,10,20,0),(68,10417,'SIMOB',4,1196,'1997-01-16 00:00:00','1997-01-28 00:00:00',10.0000,6,10,36,0),(68,10385,'SPLIR',1,1166,'1996-12-17 00:00:00','1996-12-23 00:00:00',10.0000,6,10,8,0),(68,10756,'SPLIR',8,1511,'1997-11-27 00:00:00','1997-12-02 00:00:00',12.5000,6,10,6,0),(68,10842,'TORTU',1,1565,'1998-01-20 00:00:00','1998-01-29 00:00:00',12.5000,6,10,20,0),(68,10830,'TRADH',4,1558,'1998-01-13 00:00:00','1998-01-21 00:00:00',12.5000,6,10,24,0),(68,10399,'VAFFE',8,1180,'1996-12-31 00:00:00','1997-01-08 00:00:00',10.0000,6,10,60,0),(68,10334,'VICTE',8,1109,'1996-10-21 00:00:00','1996-10-28 00:00:00',10.0000,6,10,10,0),(68,10792,'WOLZA',1,1537,'1997-12-23 00:00:00','1997-12-31 00:00:00',12.5000,6,10,15,0),(69,10308,'ANATR',7,1076,'1996-09-18 00:00:00','1996-09-24 00:00:00',28.8000,26,0,1,0),(69,10755,'BONAP',4,1510,'1997-11-26 00:00:00','1997-11-28 00:00:00',36.0000,26,0,25,0),(69,10746,'CHOPS',1,1503,'1997-11-19 00:00:00','1997-11-21 00:00:00',36.0000,26,0,40,0),(69,10311,'DUMON',1,1078,'1996-09-20 00:00:00','1996-09-26 00:00:00',28.8000,26,0,7,0),(69,10364,'EASTC',1,1145,'1996-11-26 00:00:00','1996-12-04 00:00:00',28.8000,26,0,30,0),(69,10595,'ERNSH',2,1371,'1997-07-10 00:00:00','1997-07-14 00:00:00',36.0000,26,0,65,0),(69,10667,'ERNSH',7,1435,'1997-09-12 00:00:00','1997-09-19 00:00:00',36.0000,26,0,45,0),(69,10717,'FRANK',1,1477,'1997-10-24 00:00:00','1997-10-29 00:00:00',36.0000,26,0,25,0),(69,11022,'HANAR',9,1649,'1998-04-14 00:00:00','1998-05-04 00:00:00',36.0000,26,0,30,0),(69,10552,'HILAA',2,1329,'1997-05-29 00:00:00','1997-06-05 00:00:00',36.0000,26,0,18,0),(69,10796,'HILAA',3,1539,'1997-12-25 00:00:00','1998-01-14 00:00:00',36.0000,26,0,24,0),(69,10395,'HILAA',6,1175,'1996-12-26 00:00:00','1997-01-03 00:00:00',28.8000,26,0,8,0),(69,10493,'LAMAI',4,1272,'1997-04-02 00:00:00','1997-04-10 00:00:00',28.8000,26,0,10,0),(69,10350,'LAMAI',6,1130,'1996-11-11 00:00:00','1996-12-03 00:00:00',28.8000,26,0,18,0),(69,10593,'LEHMS',7,1370,'1997-07-09 00:00:00','1997-08-13 00:00:00',36.0000,26,0,20,0),(69,10296,'LILAS',6,1061,'1996-09-03 00:00:00','1996-09-11 00:00:00',28.8000,26,0,15,0),(69,10529,'MAISD',5,1307,'1997-05-07 00:00:00','1997-05-09 00:00:00',36.0000,26,0,10,0),(69,10752,'NORTS',2,1508,'1997-11-24 00:00:00','1997-11-28 00:00:00',36.0000,26,0,3,0),(69,10407,'OTTIK',2,1187,'1997-01-07 00:00:00','1997-01-30 00:00:00',28.8000,26,0,15,0),(69,10392,'PICCO',2,1173,'1996-12-24 00:00:00','1997-01-01 00:00:00',28.8000,26,0,50,0),(69,10747,'PICCO',6,1503,'1997-11-19 00:00:00','1997-11-26 00:00:00',36.0000,26,0,30,0),(69,10962,'QUICK',8,1623,'1998-03-19 00:00:00','1998-03-23 00:00:00',36.0000,26,0,9,0),(69,10419,'RICSU',4,1200,'1997-01-20 00:00:00','1997-01-30 00:00:00',28.8000,26,0,20,0),(69,11033,'RICSU',7,1652,'1998-04-17 00:00:00','1998-04-23 00:00:00',36.0000,26,0,36,0),(69,10894,'SAVEA',1,1594,'1998-02-18 00:00:00','1998-02-20 00:00:00',36.0000,26,0,50,0),(69,10964,'SPECD',3,1624,'1998-03-20 00:00:00','1998-03-24 00:00:00',36.0000,26,0,10,0),(69,10756,'SPLIR',8,1511,'1997-11-27 00:00:00','1997-12-02 00:00:00',36.0000,26,0,20,0),(69,10640,'WANDK',4,1413,'1997-08-21 00:00:00','1997-08-28 00:00:00',36.0000,26,0,20,0),(69,10356,'WANDK',6,1137,'1996-11-18 00:00:00','1996-11-27 00:00:00',28.8000,26,0,20,0),(69,10583,'WARTH',2,1361,'1997-06-30 00:00:00','1997-07-04 00:00:00',36.0000,26,0,10,0),(69,10693,'WHITC',3,1459,'1997-10-06 00:00:00','1997-10-10 00:00:00',36.0000,26,0,30,0),(70,10308,'ANATR',7,1076,'1996-09-18 00:00:00','1996-09-24 00:00:00',12.0000,15,10,5,0),(70,10453,'AROUT',1,1232,'1997-02-21 00:00:00','1997-02-26 00:00:00',12.0000,15,10,25,0),(70,10707,'AROUT',4,1469,'1997-10-16 00:00:00','1997-10-23 00:00:00',15.0000,15,10,28,0),(70,10265,'BLONP',2,1021,'1996-07-25 00:00:00','1996-08-12 00:00:00',12.0000,15,10,20,0),(70,10389,'BOTTM',4,1169,'1996-12-20 00:00:00','1996-12-24 00:00:00',12.0000,15,10,30,0),(70,10538,'BSBEV',9,1315,'1997-05-15 00:00:00','1997-05-16 00:00:00',15.0000,15,10,7,0),(70,10698,'ERNSH',4,1462,'1997-10-09 00:00:00','1997-10-17 00:00:00',15.0000,15,10,8,0),(70,11017,'ERNSH',9,1648,'1998-04-13 00:00:00','1998-04-20 00:00:00',15.0000,15,10,30,0),(70,10880,'FOLKO',7,1586,'1998-02-10 00:00:00','1998-02-18 00:00:00',15.0000,15,10,50,0),(70,10824,'FOLKO',8,1554,'1998-01-09 00:00:00','1998-01-30 00:00:00',15.0000,15,10,9,0),(70,11037,'GODOS',7,1656,'1998-04-21 00:00:00','1998-04-27 00:00:00',15.0000,15,10,4,0),(70,10616,'GREAL',1,1392,'1997-07-31 00:00:00','1997-08-05 00:00:00',15.0000,15,10,15,0),(70,10476,'HILAA',8,1256,'1997-03-17 00:00:00','1997-03-24 00:00:00',12.0000,15,10,12,0),(70,10380,'HUNGO',8,1161,'1996-12-12 00:00:00','1997-01-16 00:00:00',12.0000,15,10,30,0),(70,10315,'ISLAT',4,1084,'1996-09-26 00:00:00','1996-10-03 00:00:00',12.0000,15,10,30,0),(70,10621,'ISLAT',4,1397,'1997-08-05 00:00:00','1997-08-11 00:00:00',15.0000,15,10,20,0),(70,10506,'KOENE',9,1285,'1997-04-15 00:00:00','1997-05-02 00:00:00',15.0000,15,10,14,0),(70,10858,'LACOR',2,1574,'1998-01-29 00:00:00','1998-02-03 00:00:00',15.0000,15,10,4,0),(70,10810,'LAUGB',2,1546,'1998-01-01 00:00:00','1998-01-07 00:00:00',15.0000,15,10,5,0),(70,10780,'LILAS',2,1530,'1997-12-16 00:00:00','1997-12-25 00:00:00',15.0000,15,10,35,0),(70,10697,'LINOD',3,1461,'1997-10-08 00:00:00','1997-10-14 00:00:00',15.0000,15,10,30,0),(70,10485,'LINOD',4,1264,'1997-03-25 00:00:00','1997-03-31 00:00:00',12.0000,15,10,60,0),(70,10517,'NORTS',3,1294,'1997-04-24 00:00:00','1997-04-29 00:00:00',15.0000,15,10,6,0),(70,11057,'NORTS',3,1664,'1998-04-29 00:00:00','1998-05-01 00:00:00',15.0000,15,10,3,0),(70,10260,'OTTIK',4,1015,'1996-07-19 00:00:00','1996-07-29 00:00:00',12.0000,15,10,21,0),(70,10659,'QUEEN',7,1428,'1997-09-05 00:00:00','1997-09-10 00:00:00',15.0000,15,10,40,0),(70,10991,'QUICK',1,1636,'1998-04-01 00:00:00','1998-04-07 00:00:00',15.0000,15,10,20,0),(70,10694,'QUICK',8,1459,'1997-10-06 00:00:00','1997-10-09 00:00:00',15.0000,15,10,50,0),(70,11062,'REGGC',4,1665,'1998-04-30 00:00:00',NULL,15.0000,15,10,12,0),(70,10299,'RICAR',4,1064,'1996-09-06 00:00:00','1996-09-13 00:00:00',12.0000,15,10,20,0),(70,10758,'RICSU',3,1512,'1997-11-28 00:00:00','1997-12-04 00:00:00',15.0000,15,10,40,0),(70,10846,'SUPRD',2,1567,'1998-01-22 00:00:00','1998-01-23 00:00:00',15.0000,15,10,30,0),(70,10885,'SUPRD',6,1588,'1998-02-12 00:00:00','1998-02-18 00:00:00',15.0000,15,10,30,0),(70,10842,'TORTU',1,1565,'1998-01-20 00:00:00','1998-01-29 00:00:00',15.0000,15,10,12,0),(70,10822,'TRAIH',6,1553,'1998-01-08 00:00:00','1998-01-16 00:00:00',15.0000,15,10,6,0),(70,10850,'VICTE',1,1568,'1998-01-23 00:00:00','1998-01-30 00:00:00',15.0000,15,10,30,0),(70,10640,'WANDK',4,1413,'1997-08-21 00:00:00','1997-08-28 00:00:00',15.0000,15,10,15,0),(70,10900,'WELLI',1,1596,'1998-02-20 00:00:00','1998-03-04 00:00:00',15.0000,15,10,3,0),(70,10420,'WELLI',3,1201,'1997-01-21 00:00:00','1997-01-27 00:00:00',12.0000,15,10,8,0),(71,11011,'ALFKI',3,1644,'1998-04-09 00:00:00','1998-04-13 00:00:00',21.5000,26,0,20,0),(71,10768,'AROUT',3,1522,'1997-12-08 00:00:00','1997-12-15 00:00:00',21.5000,26,0,12,0),(71,10626,'BERGS',1,1403,'1997-08-11 00:00:00','1997-08-20 00:00:00',21.5000,26,0,20,0),(71,10672,'BERGS',9,1440,'1997-09-17 00:00:00','1997-09-26 00:00:00',21.5000,26,0,12,0),(71,10715,'BONAP',3,1476,'1997-10-23 00:00:00','1997-10-29 00:00:00',21.5000,26,0,30,0),(71,10364,'EASTC',1,1145,'1996-11-26 00:00:00','1996-12-04 00:00:00',17.2000,26,0,5,0),(71,11024,'EASTC',4,1650,'1998-04-15 00:00:00','1998-04-20 00:00:00',21.5000,26,0,50,0),(71,10667,'ERNSH',7,1435,'1997-09-12 00:00:00','1997-09-19 00:00:00',21.5000,26,0,14,0),(71,11008,'ERNSH',7,1643,'1998-04-08 00:00:00',NULL,21.5000,26,0,21,0),(71,10771,'ERNSH',9,1524,'1997-12-10 00:00:00','1998-01-02 00:00:00',21.5000,26,0,16,0),(71,10378,'FOLKO',5,1159,'1996-12-10 00:00:00','1996-12-19 00:00:00',17.2000,26,0,6,0),(71,10396,'FRANK',1,1176,'1996-12-27 00:00:00','1997-01-06 00:00:00',17.2000,26,0,60,0),(71,11012,'FRANK',1,1644,'1998-04-09 00:00:00','1998-04-17 00:00:00',21.5000,26,0,60,0),(71,10616,'GREAL',1,1392,'1997-07-31 00:00:00','1997-08-05 00:00:00',21.5000,26,0,15,0),(71,10541,'HANAR',2,1319,'1997-05-19 00:00:00','1997-05-29 00:00:00',21.5000,26,0,9,0),(71,10901,'HILAA',4,1599,'1998-02-23 00:00:00','1998-02-26 00:00:00',21.5000,26,0,30,0),(71,10309,'HUNGO',3,1077,'1996-09-19 00:00:00','1996-10-23 00:00:00',17.2000,26,0,3,0),(71,10373,'HUNGO',4,1154,'1996-12-05 00:00:00','1996-12-11 00:00:00',17.2000,26,0,50,0),(71,10701,'HUNGO',6,1466,'1997-10-13 00:00:00','1997-10-15 00:00:00',21.5000,26,0,20,0),(71,10646,'HUNGO',9,1419,'1997-08-27 00:00:00','1997-09-03 00:00:00',21.5000,26,0,30,0),(71,10473,'ISLAT',1,1252,'1997-03-13 00:00:00','1997-03-21 00:00:00',17.2000,26,0,12,0),(71,10621,'ISLAT',4,1397,'1997-08-05 00:00:00','1997-08-11 00:00:00',21.5000,26,0,15,0),(71,10605,'MEREP',1,1382,'1997-07-21 00:00:00','1997-07-29 00:00:00',21.5000,26,0,15,0),(71,10407,'OTTIK',2,1187,'1997-01-07 00:00:00','1997-01-30 00:00:00',17.2000,26,0,15,0),(71,10720,'QUEDE',8,1481,'1997-10-28 00:00:00','1997-11-05 00:00:00',21.5000,26,0,8,0),(71,10914,'QUEEN',6,1603,'1998-02-27 00:00:00','1998-03-02 00:00:00',21.5000,26,0,25,0),(71,10938,'QUICK',3,1614,'1998-03-10 00:00:00','1998-03-16 00:00:00',21.5000,26,0,35,0),(71,10401,'RATTC',1,1181,'1997-01-01 00:00:00','1997-01-10 00:00:00',17.2000,26,0,60,0),(71,10598,'RATTC',1,1375,'1997-07-14 00:00:00','1997-07-18 00:00:00',21.5000,26,0,9,0),(71,10447,'RICAR',4,1225,'1997-02-14 00:00:00','1997-03-07 00:00:00',17.2000,26,0,2,0),(71,10387,'SANTG',1,1167,'1996-12-18 00:00:00','1996-12-20 00:00:00',17.2000,26,0,15,0),(71,10700,'SAVEA',3,1463,'1997-10-10 00:00:00','1997-10-16 00:00:00',21.5000,26,0,60,0),(71,10847,'SAVEA',4,1567,'1998-01-22 00:00:00','1998-02-10 00:00:00',21.5000,26,0,55,0),(71,11031,'SAVEA',6,1652,'1998-04-17 00:00:00','1998-04-24 00:00:00',21.5000,26,0,16,0),(71,11038,'SUPRD',1,1656,'1998-04-21 00:00:00','1998-04-30 00:00:00',21.5000,26,0,30,0),(71,10458,'SUPRD',7,1237,'1997-02-26 00:00:00','1997-03-04 00:00:00',17.2000,26,0,50,0),(71,10304,'TORTU',1,1070,'1996-09-12 00:00:00','1996-09-17 00:00:00',17.2000,26,0,2,0),(71,10399,'VAFFE',8,1180,'1996-12-31 00:00:00','1997-01-08 00:00:00',17.2000,26,0,30,0),(71,10274,'VINET',6,1033,'1996-08-06 00:00:00','1996-08-16 00:00:00',17.2000,26,0,20,0),(71,10320,'WARTH',5,1091,'1996-10-03 00:00:00','1996-10-18 00:00:00',17.2000,26,0,30,0),(71,10333,'WARTH',5,1106,'1996-10-18 00:00:00','1996-10-25 00:00:00',17.2000,26,0,40,0),(71,10455,'WARTH',8,1235,'1997-02-24 00:00:00','1997-03-03 00:00:00',17.2000,26,0,30,0),(72,10926,'ANATR',4,1608,'1998-03-04 00:00:00','1998-03-11 00:00:00',34.8000,14,0,10,0),(72,10297,'BLONP',5,1062,'1996-09-04 00:00:00','1996-09-10 00:00:00',27.8000,14,0,20,0),(72,10932,'BONAP',8,1610,'1998-03-06 00:00:00','1998-03-24 00:00:00',34.8000,14,0,16,0),(72,10742,'BOTTM',3,1498,'1997-11-14 00:00:00','1997-11-18 00:00:00',34.8000,14,0,35,0),(72,10538,'BSBEV',9,1315,'1997-05-15 00:00:00','1997-05-16 00:00:00',34.8000,14,0,1,0),(72,10435,'CONSH',8,1215,'1997-02-04 00:00:00','1997-02-07 00:00:00',27.8000,14,0,10,0),(72,10987,'EASTC',8,1635,'1998-03-31 00:00:00','1998-04-06 00:00:00',34.8000,14,0,20,0),(72,10390,'ERNSH',6,1172,'1996-12-23 00:00:00','1996-12-26 00:00:00',27.8000,14,0,24,0),(72,10533,'FOLKO',8,1312,'1997-05-12 00:00:00','1997-05-22 00:00:00',34.8000,14,0,24,0),(72,10396,'FRANK',1,1176,'1996-12-27 00:00:00','1997-01-06 00:00:00',27.8000,14,0,21,0),(72,10337,'FRANK',4,1112,'1996-10-24 00:00:00','1996-10-29 00:00:00',27.8000,14,0,25,0),(72,10528,'GREAL',6,1306,'1997-05-06 00:00:00','1997-05-09 00:00:00',34.8000,14,0,9,0),(72,10268,'GROSR',8,1026,'1996-07-30 00:00:00','1996-08-02 00:00:00',27.8000,14,0,4,0),(72,10798,'ISLAT',2,1540,'1997-12-26 00:00:00','1998-01-05 00:00:00',34.8000,14,0,10,0),(72,10325,'KOENE',1,1097,'1996-10-09 00:00:00','1996-10-14 00:00:00',27.8000,14,0,40,0),(72,10497,'LEHMS',7,1274,'1997-04-04 00:00:00','1997-04-07 00:00:00',27.8000,14,0,25,0),(72,10283,'LILAS',3,1043,'1996-08-16 00:00:00','1996-08-23 00:00:00',27.8000,14,0,3,0),(72,10330,'LILAS',3,1104,'1996-10-16 00:00:00','1996-10-28 00:00:00',27.8000,14,0,25,0),(72,10638,'LINOD',3,1412,'1997-08-20 00:00:00','1997-09-01 00:00:00',34.8000,14,0,60,0),(72,10784,'MAGAA',4,1532,'1997-12-18 00:00:00','1997-12-22 00:00:00',34.8000,14,0,30,0),(72,10649,'MAISD',5,1420,'1997-08-28 00:00:00','1997-08-29 00:00:00',34.8000,14,0,15,0),(72,10575,'MORGK',5,1351,'1997-06-20 00:00:00','1997-06-30 00:00:00',34.8000,14,0,30,0),(72,10958,'OCEAN',7,1622,'1998-03-18 00:00:00','1998-03-27 00:00:00',34.8000,14,0,5,0),(72,10372,'QUEEN',5,1153,'1996-12-04 00:00:00','1996-12-09 00:00:00',27.8000,14,0,42,0),(72,11021,'QUICK',3,1649,'1998-04-14 00:00:00','1998-04-21 00:00:00',34.8000,14,0,35,0),(72,10745,'QUICK',9,1502,'1997-11-18 00:00:00','1997-11-27 00:00:00',34.8000,14,0,7,0),(72,10272,'RATTC',6,1029,'1996-08-02 00:00:00','1996-08-06 00:00:00',27.8000,14,0,24,0),(72,10812,'REGGC',5,1547,'1998-01-02 00:00:00','1998-01-12 00:00:00',34.8000,14,0,40,0),(72,10537,'RICSU',1,1314,'1997-05-14 00:00:00','1997-05-19 00:00:00',34.8000,14,0,21,0),(72,10607,'SAVEA',5,1383,'1997-07-22 00:00:00','1997-07-25 00:00:00',34.8000,14,0,12,0),(72,10941,'SAVEA',7,1615,'1998-03-11 00:00:00','1998-03-20 00:00:00',34.8000,14,0,50,0),(72,10556,'SIMOB',2,1334,'1997-06-03 00:00:00','1997-06-13 00:00:00',34.8000,14,0,24,0),(72,10992,'THEBI',1,1636,'1998-04-01 00:00:00','1998-04-03 00:00:00',34.8000,14,0,2,0),(72,10839,'TRADH',3,1564,'1998-01-19 00:00:00','1998-01-22 00:00:00',34.8000,14,0,15,0),(72,10459,'VICTE',4,1238,'1997-02-27 00:00:00','1997-02-28 00:00:00',27.8000,14,0,40,0),(72,10248,'VINET',5,1000,'1996-07-04 00:00:00','1996-07-16 00:00:00',34.8000,14,0,5,0),(72,10274,'VINET',6,1033,'1996-08-06 00:00:00','1996-08-16 00:00:00',27.8000,14,0,7,0),(72,10269,'WHITC',5,1027,'1996-07-31 00:00:00','1996-08-09 00:00:00',27.8000,14,0,20,0),(73,10558,'AROUT',1,1335,'1997-06-04 00:00:00','1997-06-10 00:00:00',15.0000,101,0,3,0),(73,10278,'BERGS',8,1039,'1996-08-12 00:00:00','1996-08-16 00:00:00',12.0000,101,0,25,0),(73,10881,'CACTU',4,1587,'1998-02-11 00:00:00','1998-02-18 00:00:00',15.0000,101,0,10,0),(73,10703,'FOLKO',6,1467,'1997-10-14 00:00:00','1997-10-20 00:00:00',15.0000,101,0,35,0),(73,10533,'FOLKO',8,1312,'1997-05-12 00:00:00','1997-05-22 00:00:00',15.0000,101,0,24,0),(73,10670,'FRANK',4,1439,'1997-09-16 00:00:00','1997-09-18 00:00:00',15.0000,101,0,50,0),(73,10488,'FRANK',8,1266,'1997-03-27 00:00:00','1997-04-02 00:00:00',12.0000,101,0,20,0),(73,10600,'HUNGC',4,1377,'1997-07-16 00:00:00','1997-07-21 00:00:00',15.0000,101,0,30,0),(73,10537,'RICSU',1,1314,'1997-05-14 00:00:00','1997-05-19 00:00:00',15.0000,101,0,9,0),(73,10751,'RICSU',3,1508,'1997-11-24 00:00:00','1997-12-03 00:00:00',15.0000,101,0,15,0),(73,10627,'SAVEA',8,1403,'1997-08-11 00:00:00','1997-08-21 00:00:00',15.0000,101,0,35,0),(73,10420,'WELLI',3,1201,'1997-01-21 00:00:00','1997-01-27 00:00:00',12.0000,101,0,20,0),(73,10693,'WHITC',3,1459,'1997-10-06 00:00:00','1997-10-10 00:00:00',15.0000,101,0,15,0),(74,10254,'CHOPS',5,1007,'1996-07-11 00:00:00','1996-07-23 00:00:00',8.0000,4,20,21,0),(74,10370,'CHOPS',6,1152,'1996-12-03 00:00:00','1996-12-27 00:00:00',8.0000,4,20,20,0),(74,10382,'ERNSH',4,1162,'1996-12-13 00:00:00','1996-12-16 00:00:00',8.0000,4,20,50,0),(74,10263,'ERNSH',9,1019,'1996-07-23 00:00:00','1996-07-31 00:00:00',8.0000,4,20,36,0),(74,10753,'FRANS',3,1509,'1997-11-25 00:00:00','1997-11-27 00:00:00',10.0000,4,20,5,0),(74,10486,'HILAA',1,1265,'1997-03-26 00:00:00','1997-04-02 00:00:00',8.0000,4,20,16,0),(74,10381,'LILAS',3,1161,'1996-12-12 00:00:00','1996-12-13 00:00:00',8.0000,4,20,14,0),(74,10439,'MEREP',6,1218,'1997-02-07 00:00:00','1997-02-10 00:00:00',8.0000,4,20,30,0),(74,10418,'QUICK',4,1197,'1997-01-17 00:00:00','1997-01-24 00:00:00',8.0000,4,20,15,0),(74,10846,'SUPRD',2,1567,'1998-01-22 00:00:00','1998-01-23 00:00:00',10.0000,4,20,20,0),(74,10806,'VICTE',3,1545,'1997-12-31 00:00:00','1998-01-05 00:00:00',10.0000,4,20,15,0),(74,10781,'WARTH',2,1531,'1997-12-17 00:00:00','1997-12-19 00:00:00',10.0000,4,20,35,0),(74,10998,'WOLZA',8,1638,'1998-04-03 00:00:00','1998-04-17 00:00:00',10.0000,4,20,20,0),(75,10682,'ANTON',3,1448,'1997-09-25 00:00:00','1997-10-01 00:00:00',7.7500,125,0,30,0),(75,10280,'BERGS',2,1041,'1996-08-14 00:00:00','1996-09-12 00:00:00',6.2000,125,0,30,0),(75,10572,'BERGS',3,1349,'1997-06-18 00:00:00','1997-06-25 00:00:00',7.7500,125,0,15,0),(75,10924,'BERGS',3,1608,'1998-03-04 00:00:00','1998-04-08 00:00:00',7.7500,125,0,6,0),(75,10436,'BLONP',3,1216,'1997-02-05 00:00:00','1997-02-11 00:00:00',6.2000,125,0,24,0),(75,10326,'BOLID',4,1098,'1996-10-10 00:00:00','1996-10-14 00:00:00',6.2000,125,0,50,0),(75,10932,'BONAP',8,1610,'1998-03-06 00:00:00','1998-03-24 00:00:00',7.7500,125,0,20,0),(75,10975,'BOTTM',1,1629,'1998-03-25 00:00:00','1998-03-27 00:00:00',7.7500,125,0,10,0),(75,10819,'CACTU',2,1552,'1998-01-07 00:00:00','1998-01-16 00:00:00',7.7500,125,0,20,0),(75,10363,'DRACD',4,1145,'1996-11-26 00:00:00','1996-12-04 00:00:00',6.2000,125,0,12,0),(75,10773,'ERNSH',1,1525,'1997-12-11 00:00:00','1997-12-16 00:00:00',7.7500,125,0,7,0),(75,10514,'ERNSH',3,1292,'1997-04-22 00:00:00','1997-05-16 00:00:00',7.7500,125,0,50,0),(75,10581,'FAMIA',3,1357,'1997-06-26 00:00:00','1997-07-02 00:00:00',7.7500,125,0,50,0),(75,10347,'FAMIA',4,1125,'1996-11-06 00:00:00','1996-11-08 00:00:00',6.2000,125,0,6,0),(75,10634,'FOLIG',4,1407,'1997-08-15 00:00:00','1997-08-21 00:00:00',7.7500,125,0,2,0),(75,10980,'FOLKO',4,1631,'1998-03-27 00:00:00','1998-04-17 00:00:00',7.7500,125,0,40,0),(75,10460,'FOLKO',8,1239,'1997-02-28 00:00:00','1997-03-03 00:00:00',6.2000,125,0,4,0),(75,10955,'FOLKO',8,1621,'1998-03-17 00:00:00','1998-03-20 00:00:00',7.7500,125,0,12,0),(75,10670,'FRANK',4,1439,'1997-09-16 00:00:00','1997-09-18 00:00:00',7.7500,125,0,25,0),(75,10929,'FRANK',6,1609,'1998-03-05 00:00:00','1998-03-12 00:00:00',7.7500,125,0,49,0),(75,10959,'GOURL',6,1622,'1998-03-18 00:00:00','1998-03-23 00:00:00',7.7500,125,0,20,0),(75,10785,'GROSR',1,1532,'1997-12-18 00:00:00','1997-12-24 00:00:00',7.7500,125,0,10,0),(75,10552,'HILAA',2,1329,'1997-05-29 00:00:00','1997-06-05 00:00:00',7.7500,125,0,30,0),(75,10613,'HILAA',4,1390,'1997-07-29 00:00:00','1997-08-01 00:00:00',7.7500,125,0,40,0),(75,10490,'HILAA',7,1270,'1997-03-31 00:00:00','1997-04-03 00:00:00',6.2000,125,0,36,0),(75,10736,'HUNGO',9,1495,'1997-11-11 00:00:00','1997-11-21 00:00:00',7.7500,125,0,20,0),(75,10973,'LACOR',6,1628,'1998-03-24 00:00:00','1998-03-27 00:00:00',7.7500,125,0,10,0),(75,10631,'LAMAI',8,1406,'1997-08-14 00:00:00','1997-08-15 00:00:00',7.7500,125,0,8,0),(75,10557,'LEHMS',9,1334,'1997-06-03 00:00:00','1997-06-06 00:00:00',7.7500,125,0,20,0),(75,10579,'LETSS',1,1356,'1997-06-25 00:00:00','1997-07-04 00:00:00',7.7500,125,0,21,0),(75,10474,'PERIC',5,1252,'1997-03-13 00:00:00','1997-03-21 00:00:00',6.2000,125,0,10,0),(75,10786,'QUEEN',8,1533,'1997-12-19 00:00:00','1997-12-23 00:00:00',7.7500,125,0,42,0),(75,10788,'QUICK',1,1536,'1997-12-22 00:00:00','1998-01-19 00:00:00',7.7500,125,0,40,0),(75,10294,'RATTC',4,1057,'1996-08-30 00:00:00','1996-09-05 00:00:00',6.2000,125,0,6,0),(75,10761,'RATTC',5,1516,'1997-12-02 00:00:00','1997-12-08 00:00:00',7.7500,125,0,18,0),(75,10951,'RICSU',9,1620,'1998-03-16 00:00:00','1998-04-07 00:00:00',7.7500,125,0,50,0),(75,10894,'SAVEA',1,1594,'1998-02-18 00:00:00','1998-02-20 00:00:00',7.7500,125,0,120,0),(75,10510,'SAVEA',6,1288,'1997-04-18 00:00:00','1997-04-28 00:00:00',7.7500,125,0,36,0),(75,10722,'SAVEA',8,1482,'1997-10-29 00:00:00','1997-11-04 00:00:00',7.7500,125,0,42,0),(75,10907,'SPECD',6,1601,'1998-02-25 00:00:00','1998-02-27 00:00:00',7.7500,125,0,14,0),(75,10293,'TORTU',1,1056,'1996-08-29 00:00:00','1996-09-11 00:00:00',6.2000,125,0,6,0),(75,10577,'TRAIH',9,1354,'1997-06-23 00:00:00','1997-06-30 00:00:00',7.7500,125,0,20,0),(75,10312,'WANDK',2,1081,'1996-09-23 00:00:00','1996-10-03 00:00:00',6.2000,125,0,10,0),(75,10596,'WHITC',8,1372,'1997-07-11 00:00:00','1997-08-12 00:00:00',7.7500,125,0,30,0),(75,10998,'WOLZA',8,1638,'1998-04-03 00:00:00','1998-04-17 00:00:00',7.7500,125,0,30,0),(76,10702,'ALFKI',4,1466,'1997-10-13 00:00:00','1997-10-21 00:00:00',18.0000,57,0,15,0),(76,10837,'BERGS',9,1561,'1998-01-16 00:00:00','1998-01-23 00:00:00',18.0000,57,0,21,0),(76,10582,'BLAUS',3,1358,'1997-06-27 00:00:00','1997-07-14 00:00:00',18.0000,57,0,14,0),(76,10566,'BLONP',9,1343,'1997-06-12 00:00:00','1997-06-18 00:00:00',18.0000,57,0,10,0),(76,10732,'BONAP',3,1490,'1997-11-06 00:00:00','1997-11-07 00:00:00',18.0000,57,0,20,0),(76,10363,'DRACD',4,1145,'1996-11-26 00:00:00','1996-12-04 00:00:00',14.4000,57,0,12,0),(76,10434,'FOLKO',3,1214,'1997-02-03 00:00:00','1997-02-13 00:00:00',14.4000,57,0,18,0),(76,11050,'FOLKO',8,1662,'1998-04-27 00:00:00','1998-05-05 00:00:00',18.0000,57,0,50,0),(76,10267,'FRANK',4,1025,'1996-07-29 00:00:00','1996-08-06 00:00:00',14.4000,57,0,15,0),(76,10860,'FRANR',3,1574,'1998-01-29 00:00:00','1998-02-04 00:00:00',18.0000,57,0,20,0),(76,10604,'FURIB',1,1379,'1997-07-18 00:00:00','1997-07-29 00:00:00',18.0000,57,0,10,0),(76,10928,'GALED',1,1609,'1998-03-05 00:00:00','1998-03-18 00:00:00',18.0000,57,0,5,0),(76,10734,'GOURL',2,1491,'1997-11-07 00:00:00','1997-11-12 00:00:00',18.0000,57,0,20,0),(76,10701,'HUNGO',6,1466,'1997-10-13 00:00:00','1997-10-15 00:00:00',18.0000,57,0,35,0),(76,10749,'ISLAT',4,1504,'1997-11-20 00:00:00','1997-12-19 00:00:00',18.0000,57,0,10,0),(76,10318,'ISLAT',8,1089,'1996-10-01 00:00:00','1996-10-04 00:00:00',14.4000,57,0,6,0),(76,10630,'KOENE',1,1405,'1997-08-13 00:00:00','1997-08-19 00:00:00',18.0000,57,0,35,0),(76,10927,'LACOR',4,1609,'1998-03-05 00:00:00','1998-04-08 00:00:00',18.0000,57,0,20,0),(76,10413,'LAMAI',3,1194,'1997-01-14 00:00:00','1997-01-16 00:00:00',14.4000,57,0,14,0),(76,10425,'LAMAI',6,1204,'1997-01-24 00:00:00','1997-02-14 00:00:00',14.4000,57,0,20,0),(76,10343,'LEHMS',4,1119,'1996-10-31 00:00:00','1996-11-06 00:00:00',14.4000,57,0,15,0),(76,10593,'LEHMS',7,1370,'1997-07-09 00:00:00','1997-08-13 00:00:00',18.0000,57,0,4,0),(76,10665,'LONEP',1,1434,'1997-09-11 00:00:00','1997-09-17 00:00:00',18.0000,57,0,10,0),(76,11004,'MAISD',3,1642,'1998-04-07 00:00:00','1998-04-20 00:00:00',18.0000,57,0,6,0),(76,10575,'MORGK',5,1351,'1997-06-20 00:00:00','1997-06-30 00:00:00',18.0000,57,0,10,0),(76,10986,'OCEAN',8,1634,'1998-03-30 00:00:00','1998-04-21 00:00:00',18.0000,57,0,10,0),(76,10808,'OLDWO',2,1546,'1998-01-01 00:00:00','1998-01-09 00:00:00',18.0000,57,0,50,0),(76,10530,'PICCO',3,1308,'1997-05-08 00:00:00','1997-05-12 00:00:00',18.0000,57,0,50,0),(76,10961,'QUEEN',8,1623,'1998-03-19 00:00:00','1998-03-30 00:00:00',18.0000,57,0,60,0),(76,10991,'QUICK',1,1636,'1998-04-01 00:00:00','1998-04-07 00:00:00',18.0000,57,0,90,0),(76,10273,'QUICK',3,1032,'1996-08-05 00:00:00','1996-08-12 00:00:00',14.4000,57,0,33,0),(76,10962,'QUICK',8,1623,'1998-03-19 00:00:00','1998-03-23 00:00:00',18.0000,57,0,44,0),(76,10569,'RATTC',5,1347,'1997-06-16 00:00:00','1997-07-11 00:00:00',18.0000,57,0,30,0),(76,10612,'SAVEA',1,1389,'1997-07-28 00:00:00','1997-08-01 00:00:00',18.0000,57,0,80,0),(76,10475,'SUPRD',9,1253,'1997-03-14 00:00:00','1997-04-04 00:00:00',14.4000,57,0,42,0),(76,10319,'TORTU',7,1090,'1996-10-02 00:00:00','1996-10-11 00:00:00',14.4000,57,0,30,0),(76,10399,'VAFFE',8,1180,'1996-12-31 00:00:00','1997-01-08 00:00:00',14.4000,57,0,35,0),(76,10879,'WILMK',3,1586,'1998-02-10 00:00:00','1998-02-12 00:00:00',18.0000,57,0,10,0),(77,10835,'ALFKI',1,1560,'1998-01-15 00:00:00','1998-01-21 00:00:00',13.0000,32,0,2,0),(77,10290,'COMMI',8,1054,'1996-08-27 00:00:00','1996-09-03 00:00:00',10.4000,32,0,10,0),(77,10929,'FRANK',6,1609,'1998-03-05 00:00:00','1998-03-12 00:00:00',13.0000,32,0,15,0),(77,11060,'FRANS',2,1665,'1998-04-30 00:00:00','1998-05-04 00:00:00',13.0000,32,0,10,0),(77,10491,'FURIB',8,1270,'1997-03-31 00:00:00','1997-04-08 00:00:00',10.4000,32,0,7,0),(77,10366,'GALED',8,1147,'1996-11-28 00:00:00','1996-12-30 00:00:00',10.4000,32,0,5,0),(77,10690,'HANAR',1,1455,'1997-10-02 00:00:00','1997-10-03 00:00:00',13.0000,32,0,30,0),(77,10886,'HANAR',1,1589,'1998-02-13 00:00:00','1998-03-02 00:00:00',13.0000,32,0,40,0),(77,10257,'HILAA',4,1012,'1996-07-16 00:00:00','1996-07-22 00:00:00',10.4000,32,0,15,0),(77,10646,'HUNGO',9,1419,'1997-08-27 00:00:00','1997-09-03 00:00:00',13.0000,32,0,35,0),(77,10495,'LAUGB',3,1273,'1997-04-03 00:00:00','1997-04-11 00:00:00',10.4000,32,0,5,0),(77,10497,'LEHMS',7,1274,'1997-04-04 00:00:00','1997-04-07 00:00:00',10.4000,32,0,25,0),(77,10735,'LETSS',6,1494,'1997-11-10 00:00:00','1997-11-21 00:00:00',13.0000,32,0,2,0),(77,10780,'LILAS',2,1530,'1997-12-16 00:00:00','1997-12-25 00:00:00',13.0000,32,0,15,0),(77,10823,'LILAS',5,1554,'1998-01-09 00:00:00','1998-01-13 00:00:00',13.0000,32,0,15,0),(77,10590,'MEREP',4,1368,'1997-07-07 00:00:00','1997-07-14 00:00:00',13.0000,32,0,60,0),(77,10986,'OCEAN',8,1634,'1998-03-30 00:00:00','1998-04-21 00:00:00',13.0000,32,0,15,0),(77,10554,'OTTIK',4,1330,'1997-05-30 00:00:00','1997-06-05 00:00:00',13.0000,32,0,10,0),(77,10999,'OTTIK',6,1638,'1998-04-03 00:00:00','1998-04-10 00:00:00',13.0000,32,0,21,0),(77,10587,'QUEDE',1,1363,'1997-07-02 00:00:00','1997-07-09 00:00:00',13.0000,32,0,20,0),(77,10421,'QUEDE',8,1201,'1997-01-21 00:00:00','1997-01-27 00:00:00',10.4000,32,0,10,0),(77,11068,'QUEEN',8,1669,'1998-05-04 00:00:00',NULL,13.0000,32,0,28,0),(77,10451,'QUICK',4,1230,'1997-02-19 00:00:00','1997-03-12 00:00:00',10.4000,32,0,55,0),(77,10658,'QUICK',4,1428,'1997-09-05 00:00:00','1997-09-08 00:00:00',13.0000,32,0,70,0),(77,11000,'RATTC',2,1641,'1998-04-06 00:00:00','1998-04-14 00:00:00',13.0000,32,0,30,0),(77,10812,'REGGC',5,1547,'1998-01-02 00:00:00','1998-01-12 00:00:00',13.0000,32,0,20,0),(77,11015,'SANTG',2,1645,'1998-04-10 00:00:00','1998-04-20 00:00:00',13.0000,32,0,18,0),(77,10417,'SIMOB',4,1196,'1997-01-16 00:00:00','1997-01-28 00:00:00',10.4000,32,0,35,0),(77,10841,'SUPRD',5,1565,'1998-01-20 00:00:00','1998-01-29 00:00:00',13.0000,32,0,15,0),(77,10885,'SUPRD',6,1588,'1998-02-12 00:00:00','1998-02-18 00:00:00',13.0000,32,0,25,0),(77,10577,'TRAIH',9,1354,'1997-06-23 00:00:00','1997-06-30 00:00:00',13.0000,32,0,18,0),(77,10946,'VAFFE',1,1616,'1998-03-12 00:00:00','1998-03-19 00:00:00',13.0000,32,0,40,0),(77,10367,'VAFFE',7,1147,'1996-11-28 00:00:00','1996-12-02 00:00:00',10.4000,32,0,7,0),(77,10399,'VAFFE',8,1180,'1996-12-31 00:00:00','1997-01-08 00:00:00',10.4000,32,0,14,0),(77,10602,'VAFFE',8,1378,'1997-07-17 00:00:00','1997-07-22 00:00:00',13.0000,32,0,5,0),(77,10256,'WELLI',3,1011,'1996-07-15 00:00:00','1996-07-17 00:00:00',10.4000,32,0,12,0),(77,10483,'WHITC',7,1263,'1997-03-24 00:00:00','1997-04-25 00:00:00',10.4000,32,0,30,0);
/*!40000 ALTER TABLE `order_facts` ENABLE KEYS */;
UNLOCK TABLES;

--
-- Table structure for table `product_dim`
--

DROP TABLE IF EXISTS `product_dim`;
/*!40101 SET @saved_cs_client     = @@character_set_client */;
/*!50503 SET character_set_client = utf8mb4 */;
CREATE TABLE `product_dim` (
  `ProductID` int NOT NULL DEFAULT '0',
  `ProductName` varchar(40) CHARACTER SET latin1 NOT NULL,
  `CompanyName` varchar(40) CHARACTER SET latin1 NOT NULL,
  `CategoryName` varchar(15) CHARACTER SET latin1 NOT NULL,
  `QuantityPerUnit` varchar(20) CHARACTER SET latin1 DEFAULT NULL,
  PRIMARY KEY (`ProductID`)
) ENGINE=InnoDB DEFAULT CHARSET=utf8mb4 COLLATE=utf8mb4_0900_ai_ci;
/*!40101 SET character_set_client = @saved_cs_client */;

--
-- Dumping data for table `product_dim`
--

LOCK TABLES `product_dim` WRITE;
/*!40000 ALTER TABLE `product_dim` DISABLE KEYS */;
INSERT INTO `product_dim` VALUES (1,'Chai','Exotic Liquids','Beverages','10 boxes x 20 bags'),(2,'Chang','Exotic Liquids','Beverages','24 - 12 oz bottles'),(3,'Aniseed Syrup','Exotic Liquids','Condiments','12 - 550 ml bottles'),(4,'Chef Anton\'s Cajun Seasoning','New Orleans Cajun Delights','Condiments','48 - 6 oz jars'),(5,'Chef Anton\'s Gumbo Mix','New Orleans Cajun Delights','Condiments','36 boxes'),(6,'Grandma\'s Boysenberry Spread','Grandma Kelly\'s Homestead','Condiments','12 - 8 oz jars'),(7,'Uncle Bob\'s Organic Dried Pears','Grandma Kelly\'s Homestead','Produce','12 - 1 lb pkgs.'),(8,'Northwoods Cranberry Sauce','Grandma Kelly\'s Homestead','Condiments','12 - 12 oz jars'),(9,'Mishi Kobe Niku','Tokyo Traders','Meat/Poultry','18 - 500 g pkgs.'),(10,'Ikura','Tokyo Traders','Seafood','12 - 200 ml jars'),(11,'Queso Cabrales','Cooperativa de Quesos \'Las Cabras\'','Dairy Products','1 kg pkg.'),(12,'Queso Manchego La Pastora','Cooperativa de Quesos \'Las Cabras\'','Dairy Products','10 - 500 g pkgs.'),(13,'Konbu','Mayumi\'s','Seafood','2 kg box'),(14,'Tofu','Mayumi\'s','Produce','40 - 100 g pkgs.'),(15,'Genen Shouyu','Mayumi\'s','Condiments','24 - 250 ml bottles'),(16,'Pavlova','Pavlova, Ltd.','Confections','32 - 500 g boxes'),(17,'Alice Mutton','Pavlova, Ltd.','Meat/Poultry','20 - 1 kg tins'),(18,'Carnarvon Tigers','Pavlova, Ltd.','Seafood','16 kg pkg.'),(19,'Teatime Chocolate Biscuits','Specialty Biscuits, Ltd.','Confections','10 boxes x 12 pieces'),(20,'Sir Rodney\'s Marmalade','Specialty Biscuits, Ltd.','Confections','30 gift boxes'),(21,'Sir Rodney\'s Scones','Specialty Biscuits, Ltd.','Confections','24 pkgs. x 4 pieces'),(22,'Gustaf\'s Knckebrd','PB Knckebrd AB','Grains/Cereals','24 - 500 g pkgs.'),(23,'Tunnbrd','PB Knckebrd AB','Grains/Cereals','12 - 250 g pkgs.'),(24,'Guaran Fantstica','Refrescos Americanas LTDA','Beverages','12 - 355 ml cans'),(25,'NuNuCa Nu-Nougat-Creme','Heli Swaren GmbH & Co. KG','Confections','20 - 450 g glasses'),(26,'Gumbr Gummibrchen','Heli Swaren GmbH & Co. KG','Confections','100 - 250 g bags'),(27,'Schoggi Schokolade','Heli Swaren GmbH & Co. KG','Confections','100 - 100 g pieces'),(28,'Rssle Sauerkraut','Plutzer Lebensmittelgromrkte AG','Produce','25 - 825 g cans'),(29,'Thringer Rostbratwurst','Plutzer Lebensmittelgromrkte AG','Meat/Poultry','50 bags x 30 sausgs.'),(30,'Nord-Ost Matjeshering','Nord-Ost-Fisch Handelsgesellschaft mbH','Seafood','10 - 200 g glasses'),(31,'Gorgonzola Telino','Formaggi Fortini s.r.l.','Dairy Products','12 - 100 g pkgs'),(32,'Mascarpone Fabioli','Formaggi Fortini s.r.l.','Dairy Products','24 - 200 g pkgs.'),(33,'Geitost','Norske Meierier','Dairy Products','500 g'),(34,'Sasquatch Ale','Bigfoot Breweries','Beverages','24 - 12 oz bottles'),(35,'Steeleye Stout','Bigfoot Breweries','Beverages','24 - 12 oz bottles'),(36,'Inlagd Sill','Svensk Sjfda AB','Seafood','24 - 250 g  jars'),(37,'Gravad lax','Svensk Sjfda AB','Seafood','12 - 500 g pkgs.'),(38,'Cte de Blaye','Aux joyeux ecclsiastiques','Beverages','12 - 75 cl bottles'),(39,'Chartreuse verte','Aux joyeux ecclsiastiques','Beverages','750 cc per bottle'),(40,'Boston Crab Meat','New England Seafood Cannery','Seafood','24 - 4 oz tins'),(41,'Jack\'s New England Clam Chowder','New England Seafood Cannery','Seafood','12 - 12 oz cans'),(42,'Singaporean Hokkien Fried Mee','Leka Trading','Grains/Cereals','32 - 1 kg pkgs.'),(43,'Ipoh Coffee','Leka Trading','Beverages','16 - 500 g tins'),(44,'Gula Malacca','Leka Trading','Condiments','20 - 2 kg bags'),(45,'Rogede sild','Lyngbysild','Seafood','1k pkg.'),(46,'Spegesild','Lyngbysild','Seafood','4 - 450 g glasses'),(47,'Zaanse koeken','Zaanse Snoepfabriek','Confections','10 - 4 oz boxes'),(48,'Chocolade','Zaanse Snoepfabriek','Confections','10 pkgs.'),(49,'Maxilaku','Karkki Oy','Confections','24 - 50 g pkgs.'),(50,'Valkoinen suklaa','Karkki Oy','Confections','12 - 100 g bars'),(51,'Manjimup Dried Apples','G\'day, Mate','Produce','50 - 300 g pkgs.'),(52,'Filo Mix','G\'day, Mate','Grains/Cereals','16 - 2 kg boxes'),(53,'Perth Pasties','G\'day, Mate','Meat/Poultry','48 pieces'),(54,'Tourtire','Ma Maison','Meat/Poultry','16 pies'),(55,'Pt chinois','Ma Maison','Meat/Poultry','24 boxes x 2 pies'),(56,'Gnocchi di nonna Alice','Pasta Buttini s.r.l.','Grains/Cereals','24 - 250 g pkgs.'),(57,'Ravioli Angelo','Pasta Buttini s.r.l.','Grains/Cereals','24 - 250 g pkgs.'),(58,'Escargots de Bourgogne','Escargots Nouveaux','Seafood','24 pieces'),(59,'Raclette Courdavault','Gai pturage','Dairy Products','5 kg pkg.'),(60,'Camembert Pierrot','Gai pturage','Dairy Products','15 - 300 g rounds'),(61,'Sirop d\'rable','Forts d\'rables','Condiments','24 - 500 ml bottles'),(62,'Tarte au sucre','Forts d\'rables','Confections','48 pies'),(63,'Vegie-spread','Pavlova, Ltd.','Condiments','15 - 625 g jars'),(64,'Wimmers gute Semmelkndel','Plutzer Lebensmittelgromrkte AG','Grains/Cereals','20 bags x 4 pieces'),(65,'Louisiana Fiery Hot Pepper Sauce','New Orleans Cajun Delights','Condiments','32 - 8 oz bottles'),(66,'Louisiana Hot Spiced Okra','New Orleans Cajun Delights','Condiments','24 - 8 oz jars'),(67,'Laughing Lumberjack Lager','Bigfoot Breweries','Beverages','24 - 12 oz bottles'),(68,'Scottish Longbreads','Specialty Biscuits, Ltd.','Confections','10 boxes x 8 pieces'),(69,'Gudbrandsdalsost','Norske Meierier','Dairy Products','10 kg pkg.'),(70,'Outback Lager','Pavlova, Ltd.','Beverages','24 - 355 ml bottles'),(71,'Flotemysost','Norske Meierier','Dairy Products','10 - 500 g pkgs.'),(72,'Mozzarella di Giovanni','Formaggi Fortini s.r.l.','Dairy Products','24 - 200 g pkgs.'),(73,'Rd Kaviar','Svensk Sjfda AB','Seafood','24 - 150 g jars'),(74,'Longlife Tofu','Tokyo Traders','Produce','5 kg pkg.'),(75,'Rhnbru Klosterbier','Plutzer Lebensmittelgromrkte AG','Beverages','24 - 0.5 l bottles'),(76,'Lakkalikri','Karkki Oy','Beverages','500 ml'),(77,'Original Frankfurter grne Soe','Plutzer Lebensmittelgromrkte AG','Condiments','12 boxes');
/*!40000 ALTER TABLE `product_dim` ENABLE KEYS */;
UNLOCK TABLES;

--
-- Temporary view structure for view `quarterly_orders_by_product`
--

DROP TABLE IF EXISTS `quarterly_orders_by_product`;
/*!50001 DROP VIEW IF EXISTS `quarterly_orders_by_product`*/;
SET @saved_cs_client     = @@character_set_client;
/*!50503 SET character_set_client = utf8mb4 */;
/*!50001 CREATE VIEW `quarterly_orders_by_product` AS SELECT 
 1 AS `ProductName`,
 1 AS `CompanyName`,
 1 AS `OrderYear`,
 1 AS `Qtr 1`,
 1 AS `Qtr 2`,
 1 AS `Qtr 3`,
 1 AS `Qtr 4`*/;
SET character_set_client = @saved_cs_client;

--
-- Table structure for table `time_dim`
--

DROP TABLE IF EXISTS `time_dim`;
/*!40101 SET @saved_cs_client     = @@character_set_client */;
/*!50503 SET character_set_client = utf8mb4 */;
CREATE TABLE `time_dim` (
  `date_id` int NOT NULL DEFAULT '0',
  `fulldate` datetime DEFAULT NULL,
  `dayofmonth` int DEFAULT NULL,
  `dayofyear` int DEFAULT NULL,
  `dayofweek` int DEFAULT NULL,
  `dayname` varchar(10) CHARACTER SET latin1 DEFAULT NULL,
  `monthnumber` int DEFAULT NULL,
  `monthname` varchar(10) CHARACTER SET latin1 DEFAULT NULL,
  `year` int DEFAULT NULL,
  `quarter` tinyint DEFAULT NULL,
  PRIMARY KEY (`date_id`)
) ENGINE=InnoDB DEFAULT CHARSET=utf8mb4 COLLATE=utf8mb4_0900_ai_ci;
/*!40101 SET character_set_client = @saved_cs_client */;

--
-- Dumping data for table `time_dim`
--

LOCK TABLES `time_dim` WRITE;
/*!40000 ALTER TABLE `time_dim` DISABLE KEYS */;
INSERT INTO `time_dim` VALUES (1000,'1996-07-04 00:00:00',4,186,5,'Thursday',7,'July',1996,3),(1001,'1996-07-05 00:00:00',5,187,6,'Friday',7,'July',1996,3),(1002,'1996-07-06 00:00:00',6,188,7,'Saturday',7,'July',1996,3),(1003,'1996-07-07 00:00:00',7,189,1,'Sunday',7,'July',1996,3),(1004,'1996-07-08 00:00:00',8,190,2,'Monday',7,'July',1996,3),(1005,'1996-07-09 00:00:00',9,191,3,'Tuesday',7,'July',1996,3),(1006,'1996-07-10 00:00:00',10,192,4,'Wednesday',7,'July',1996,3),(1007,'1996-07-11 00:00:00',11,193,5,'Thursday',7,'July',1996,3),(1008,'1996-07-12 00:00:00',12,194,6,'Friday',7,'July',1996,3),(1009,'1996-07-13 00:00:00',13,195,7,'Saturday',7,'July',1996,3),(1010,'1996-07-14 00:00:00',14,196,1,'Sunday',7,'July',1996,3),(1011,'1996-07-15 00:00:00',15,197,2,'Monday',7,'July',1996,3),(1012,'1996-07-16 00:00:00',16,198,3,'Tuesday',7,'July',1996,3),(1013,'1996-07-17 00:00:00',17,199,4,'Wednesday',7,'July',1996,3),(1014,'1996-07-18 00:00:00',18,200,5,'Thursday',7,'July',1996,3),(1015,'1996-07-19 00:00:00',19,201,6,'Friday',7,'July',1996,3),(1016,'1996-07-20 00:00:00',20,202,7,'Saturday',7,'July',1996,3),(1017,'1996-07-21 00:00:00',21,203,1,'Sunday',7,'July',1996,3),(1018,'1996-07-22 00:00:00',22,204,2,'Monday',7,'July',1996,3),(1019,'1996-07-23 00:00:00',23,205,3,'Tuesday',7,'July',1996,3),(1020,'1996-07-24 00:00:00',24,206,4,'Wednesday',7,'July',1996,3),(1021,'1996-07-25 00:00:00',25,207,5,'Thursday',7,'July',1996,3),(1022,'1996-07-26 00:00:00',26,208,6,'Friday',7,'July',1996,3),(1023,'1996-07-27 00:00:00',27,209,7,'Saturday',7,'July',1996,3),(1024,'1996-07-28 00:00:00',28,210,1,'Sunday',7,'July',1996,3),(1025,'1996-07-29 00:00:00',29,211,2,'Monday',7,'July',1996,3),(1026,'1996-07-30 00:00:00',30,212,3,'Tuesday',7,'July',1996,3),(1027,'1996-07-31 00:00:00',31,213,4,'Wednesday',7,'July',1996,3),(1028,'1996-08-01 00:00:00',1,214,5,'Thursday',8,'August',1996,3),(1029,'1996-08-02 00:00:00',2,215,6,'Friday',8,'August',1996,3),(1030,'1996-08-03 00:00:00',3,216,7,'Saturday',8,'August',1996,3),(1031,'1996-08-04 00:00:00',4,217,1,'Sunday',8,'August',1996,3),(1032,'1996-08-05 00:00:00',5,218,2,'Monday',8,'August',1996,3),(1033,'1996-08-06 00:00:00',6,219,3,'Tuesday',8,'August',1996,3),(1034,'1996-08-07 00:00:00',7,220,4,'Wednesday',8,'August',1996,3),(1035,'1996-08-08 00:00:00',8,221,5,'Thursday',8,'August',1996,3),(1036,'1996-08-09 00:00:00',9,222,6,'Friday',8,'August',1996,3),(1037,'1996-08-10 00:00:00',10,223,7,'Saturday',8,'August',1996,3),(1038,'1996-08-11 00:00:00',11,224,1,'Sunday',8,'August',1996,3),(1039,'1996-08-12 00:00:00',12,225,2,'Monday',8,'August',1996,3),(1040,'1996-08-13 00:00:00',13,226,3,'Tuesday',8,'August',1996,3),(1041,'1996-08-14 00:00:00',14,227,4,'Wednesday',8,'August',1996,3),(1042,'1996-08-15 00:00:00',15,228,5,'Thursday',8,'August',1996,3),(1043,'1996-08-16 00:00:00',16,229,6,'Friday',8,'August',1996,3),(1044,'1996-08-17 00:00:00',17,230,7,'Saturday',8,'August',1996,3),(1045,'1996-08-18 00:00:00',18,231,1,'Sunday',8,'August',1996,3),(1046,'1996-08-19 00:00:00',19,232,2,'Monday',8,'August',1996,3),(1047,'1996-08-20 00:00:00',20,233,3,'Tuesday',8,'August',1996,3),(1048,'1996-08-21 00:00:00',21,234,4,'Wednesday',8,'August',1996,3),(1049,'1996-08-22 00:00:00',22,235,5,'Thursday',8,'August',1996,3),(1050,'1996-08-23 00:00:00',23,236,6,'Friday',8,'August',1996,3),(1051,'1996-08-24 00:00:00',24,237,7,'Saturday',8,'August',1996,3),(1052,'1996-08-25 00:00:00',25,238,1,'Sunday',8,'August',1996,3),(1053,'1996-08-26 00:00:00',26,239,2,'Monday',8,'August',1996,3),(1054,'1996-08-27 00:00:00',27,240,3,'Tuesday',8,'August',1996,3),(1055,'1996-08-28 00:00:00',28,241,4,'Wednesday',8,'August',1996,3),(1056,'1996-08-29 00:00:00',29,242,5,'Thursday',8,'August',1996,3),(1057,'1996-08-30 00:00:00',30,243,6,'Friday',8,'August',1996,3),(1058,'1996-08-31 00:00:00',31,244,7,'Saturday',8,'August',1996,3),(1059,'1996-09-01 00:00:00',1,245,1,'Sunday',9,'September',1996,3),(1060,'1996-09-02 00:00:00',2,246,2,'Monday',9,'September',1996,3),(1061,'1996-09-03 00:00:00',3,247,3,'Tuesday',9,'September',1996,3),(1062,'1996-09-04 00:00:00',4,248,4,'Wednesday',9,'September',1996,3),(1063,'1996-09-05 00:00:00',5,249,5,'Thursday',9,'September',1996,3),(1064,'1996-09-06 00:00:00',6,250,6,'Friday',9,'September',1996,3),(1065,'1996-09-07 00:00:00',7,251,7,'Saturday',9,'September',1996,3),(1066,'1996-09-08 00:00:00',8,252,1,'Sunday',9,'September',1996,3),(1067,'1996-09-09 00:00:00',9,253,2,'Monday',9,'September',1996,3),(1068,'1996-09-10 00:00:00',10,254,3,'Tuesday',9,'September',1996,3),(1069,'1996-09-11 00:00:00',11,255,4,'Wednesday',9,'September',1996,3),(1070,'1996-09-12 00:00:00',12,256,5,'Thursday',9,'September',1996,3),(1071,'1996-09-13 00:00:00',13,257,6,'Friday',9,'September',1996,3),(1072,'1996-09-14 00:00:00',14,258,7,'Saturday',9,'September',1996,3),(1073,'1996-09-15 00:00:00',15,259,1,'Sunday',9,'September',1996,3),(1074,'1996-09-16 00:00:00',16,260,2,'Monday',9,'September',1996,3),(1075,'1996-09-17 00:00:00',17,261,3,'Tuesday',9,'September',1996,3),(1076,'1996-09-18 00:00:00',18,262,4,'Wednesday',9,'September',1996,3),(1077,'1996-09-19 00:00:00',19,263,5,'Thursday',9,'September',1996,3),(1078,'1996-09-20 00:00:00',20,264,6,'Friday',9,'September',1996,3),(1079,'1996-09-21 00:00:00',21,265,7,'Saturday',9,'September',1996,3),(1080,'1996-09-22 00:00:00',22,266,1,'Sunday',9,'September',1996,3),(1081,'1996-09-23 00:00:00',23,267,2,'Monday',9,'September',1996,3),(1082,'1996-09-24 00:00:00',24,268,3,'Tuesday',9,'September',1996,3),(1083,'1996-09-25 00:00:00',25,269,4,'Wednesday',9,'September',1996,3),(1084,'1996-09-26 00:00:00',26,270,5,'Thursday',9,'September',1996,3),(1085,'1996-09-27 00:00:00',27,271,6,'Friday',9,'September',1996,3),(1086,'1996-09-28 00:00:00',28,272,7,'Saturday',9,'September',1996,3),(1087,'1996-09-29 00:00:00',29,273,1,'Sunday',9,'September',1996,3),(1088,'1996-09-30 00:00:00',30,274,2,'Monday',9,'September',1996,3),(1089,'1996-10-01 00:00:00',1,275,3,'Tuesday',10,'October',1996,4),(1090,'1996-10-02 00:00:00',2,276,4,'Wednesday',10,'October',1996,4),(1091,'1996-10-03 00:00:00',3,277,5,'Thursday',10,'October',1996,4),(1092,'1996-10-04 00:00:00',4,278,6,'Friday',10,'October',1996,4),(1093,'1996-10-05 00:00:00',5,279,7,'Saturday',10,'October',1996,4),(1094,'1996-10-06 00:00:00',6,280,1,'Sunday',10,'October',1996,4),(1095,'1996-10-07 00:00:00',7,281,2,'Monday',10,'October',1996,4),(1096,'1996-10-08 00:00:00',8,282,3,'Tuesday',10,'October',1996,4),(1097,'1996-10-09 00:00:00',9,283,4,'Wednesday',10,'October',1996,4),(1098,'1996-10-10 00:00:00',10,284,5,'Thursday',10,'October',1996,4),(1099,'1996-10-11 00:00:00',11,285,6,'Friday',10,'October',1996,4),(1100,'1996-10-12 00:00:00',12,286,7,'Saturday',10,'October',1996,4),(1101,'1996-10-13 00:00:00',13,287,1,'Sunday',10,'October',1996,4),(1102,'1996-10-14 00:00:00',14,288,2,'Monday',10,'October',1996,4),(1103,'1996-10-15 00:00:00',15,289,3,'Tuesday',10,'October',1996,4),(1104,'1996-10-16 00:00:00',16,290,4,'Wednesday',10,'October',1996,4),(1105,'1996-10-17 00:00:00',17,291,5,'Thursday',10,'October',1996,4),(1106,'1996-10-18 00:00:00',18,292,6,'Friday',10,'October',1996,4),(1107,'1996-10-19 00:00:00',19,293,7,'Saturday',10,'October',1996,4),(1108,'1996-10-20 00:00:00',20,294,1,'Sunday',10,'October',1996,4),(1109,'1996-10-21 00:00:00',21,295,2,'Monday',10,'October',1996,4),(1110,'1996-10-22 00:00:00',22,296,3,'Tuesday',10,'October',1996,4),(1111,'1996-10-23 00:00:00',23,297,4,'Wednesday',10,'October',1996,4),(1112,'1996-10-24 00:00:00',24,298,5,'Thursday',10,'October',1996,4),(1113,'1996-10-25 00:00:00',25,299,6,'Friday',10,'October',1996,4),(1114,'1996-10-26 00:00:00',26,300,7,'Saturday',10,'October',1996,4),(1115,'1996-10-27 00:00:00',27,301,1,'Sunday',10,'October',1996,4),(1116,'1996-10-28 00:00:00',28,302,2,'Monday',10,'October',1996,4),(1117,'1996-10-29 00:00:00',29,303,3,'Tuesday',10,'October',1996,4),(1118,'1996-10-30 00:00:00',30,304,4,'Wednesday',10,'October',1996,4),(1119,'1996-10-31 00:00:00',31,305,5,'Thursday',10,'October',1996,4),(1120,'1996-11-01 00:00:00',1,306,6,'Friday',11,'November',1996,4),(1121,'1996-11-02 00:00:00',2,307,7,'Saturday',11,'November',1996,4),(1122,'1996-11-03 00:00:00',3,308,1,'Sunday',11,'November',1996,4),(1123,'1996-11-04 00:00:00',4,309,2,'Monday',11,'November',1996,4),(1124,'1996-11-05 00:00:00',5,310,3,'Tuesday',11,'November',1996,4),(1125,'1996-11-06 00:00:00',6,311,4,'Wednesday',11,'November',1996,4),(1126,'1996-11-07 00:00:00',7,312,5,'Thursday',11,'November',1996,4),(1127,'1996-11-08 00:00:00',8,313,6,'Friday',11,'November',1996,4),(1128,'1996-11-09 00:00:00',9,314,7,'Saturday',11,'November',1996,4),(1129,'1996-11-10 00:00:00',10,315,1,'Sunday',11,'November',1996,4),(1130,'1996-11-11 00:00:00',11,316,2,'Monday',11,'November',1996,4),(1131,'1996-11-12 00:00:00',12,317,3,'Tuesday',11,'November',1996,4),(1132,'1996-11-13 00:00:00',13,318,4,'Wednesday',11,'November',1996,4),(1133,'1996-11-14 00:00:00',14,319,5,'Thursday',11,'November',1996,4),(1134,'1996-11-15 00:00:00',15,320,6,'Friday',11,'November',1996,4),(1135,'1996-11-16 00:00:00',16,321,7,'Saturday',11,'November',1996,4),(1136,'1996-11-17 00:00:00',17,322,1,'Sunday',11,'November',1996,4),(1137,'1996-11-18 00:00:00',18,323,2,'Monday',11,'November',1996,4),(1138,'1996-11-19 00:00:00',19,324,3,'Tuesday',11,'November',1996,4),(1139,'1996-11-20 00:00:00',20,325,4,'Wednesday',11,'November',1996,4),(1140,'1996-11-21 00:00:00',21,326,5,'Thursday',11,'November',1996,4),(1141,'1996-11-22 00:00:00',22,327,6,'Friday',11,'November',1996,4),(1142,'1996-11-23 00:00:00',23,328,7,'Saturday',11,'November',1996,4),(1143,'1996-11-24 00:00:00',24,329,1,'Sunday',11,'November',1996,4),(1144,'1996-11-25 00:00:00',25,330,2,'Monday',11,'November',1996,4),(1145,'1996-11-26 00:00:00',26,331,3,'Tuesday',11,'November',1996,4),(1146,'1996-11-27 00:00:00',27,332,4,'Wednesday',11,'November',1996,4),(1147,'1996-11-28 00:00:00',28,333,5,'Thursday',11,'November',1996,4),(1148,'1996-11-29 00:00:00',29,334,6,'Friday',11,'November',1996,4),(1149,'1996-11-30 00:00:00',30,335,7,'Saturday',11,'November',1996,4),(1150,'1996-12-01 00:00:00',1,336,1,'Sunday',12,'December',1996,4),(1151,'1996-12-02 00:00:00',2,337,2,'Monday',12,'December',1996,4),(1152,'1996-12-03 00:00:00',3,338,3,'Tuesday',12,'December',1996,4),(1153,'1996-12-04 00:00:00',4,339,4,'Wednesday',12,'December',1996,4),(1154,'1996-12-05 00:00:00',5,340,5,'Thursday',12,'December',1996,4),(1155,'1996-12-06 00:00:00',6,341,6,'Friday',12,'December',1996,4),(1156,'1996-12-07 00:00:00',7,342,7,'Saturday',12,'December',1996,4),(1157,'1996-12-08 00:00:00',8,343,1,'Sunday',12,'December',1996,4),(1158,'1996-12-09 00:00:00',9,344,2,'Monday',12,'December',1996,4),(1159,'1996-12-10 00:00:00',10,345,3,'Tuesday',12,'December',1996,4),(1160,'1996-12-11 00:00:00',11,346,4,'Wednesday',12,'December',1996,4),(1161,'1996-12-12 00:00:00',12,347,5,'Thursday',12,'December',1996,4),(1162,'1996-12-13 00:00:00',13,348,6,'Friday',12,'December',1996,4),(1163,'1996-12-14 00:00:00',14,349,7,'Saturday',12,'December',1996,4),(1164,'1996-12-15 00:00:00',15,350,1,'Sunday',12,'December',1996,4),(1165,'1996-12-16 00:00:00',16,351,2,'Monday',12,'December',1996,4),(1166,'1996-12-17 00:00:00',17,352,3,'Tuesday',12,'December',1996,4),(1167,'1996-12-18 00:00:00',18,353,4,'Wednesday',12,'December',1996,4),(1168,'1996-12-19 00:00:00',19,354,5,'Thursday',12,'December',1996,4),(1169,'1996-12-20 00:00:00',20,355,6,'Friday',12,'December',1996,4),(1170,'1996-12-21 00:00:00',21,356,7,'Saturday',12,'December',1996,4),(1171,'1996-12-22 00:00:00',22,357,1,'Sunday',12,'December',1996,4),(1172,'1996-12-23 00:00:00',23,358,2,'Monday',12,'December',1996,4),(1173,'1996-12-24 00:00:00',24,359,3,'Tuesday',12,'December',1996,4),(1174,'1996-12-25 00:00:00',25,360,4,'Wednesday',12,'December',1996,4),(1175,'1996-12-26 00:00:00',26,361,5,'Thursday',12,'December',1996,4),(1176,'1996-12-27 00:00:00',27,362,6,'Friday',12,'December',1996,4),(1177,'1996-12-28 00:00:00',28,363,7,'Saturday',12,'December',1996,4),(1178,'1996-12-29 00:00:00',29,364,1,'Sunday',12,'December',1996,4),(1179,'1996-12-30 00:00:00',30,365,2,'Monday',12,'December',1996,4),(1180,'1996-12-31 00:00:00',31,366,3,'Tuesday',12,'December',1996,4),(1181,'1997-01-01 00:00:00',1,1,4,'Wednesday',1,'January',1997,1),(1182,'1997-01-02 00:00:00',2,2,5,'Thursday',1,'January',1997,1),(1183,'1997-01-03 00:00:00',3,3,6,'Friday',1,'January',1997,1),(1184,'1997-01-04 00:00:00',4,4,7,'Saturday',1,'January',1997,1),(1185,'1997-01-05 00:00:00',5,5,1,'Sunday',1,'January',1997,1),(1186,'1997-01-06 00:00:00',6,6,2,'Monday',1,'January',1997,1),(1187,'1997-01-07 00:00:00',7,7,3,'Tuesday',1,'January',1997,1),(1188,'1997-01-08 00:00:00',8,8,4,'Wednesday',1,'January',1997,1),(1189,'1997-01-09 00:00:00',9,9,5,'Thursday',1,'January',1997,1),(1190,'1997-01-10 00:00:00',10,10,6,'Friday',1,'January',1997,1),(1191,'1997-01-11 00:00:00',11,11,7,'Saturday',1,'January',1997,1),(1192,'1997-01-12 00:00:00',12,12,1,'Sunday',1,'January',1997,1),(1193,'1997-01-13 00:00:00',13,13,2,'Monday',1,'January',1997,1),(1194,'1997-01-14 00:00:00',14,14,3,'Tuesday',1,'January',1997,1),(1195,'1997-01-15 00:00:00',15,15,4,'Wednesday',1,'January',1997,1),(1196,'1997-01-16 00:00:00',16,16,5,'Thursday',1,'January',1997,1),(1197,'1997-01-17 00:00:00',17,17,6,'Friday',1,'January',1997,1),(1198,'1997-01-18 00:00:00',18,18,7,'Saturday',1,'January',1997,1),(1199,'1997-01-19 00:00:00',19,19,1,'Sunday',1,'January',1997,1),(1200,'1997-01-20 00:00:00',20,20,2,'Monday',1,'January',1997,1),(1201,'1997-01-21 00:00:00',21,21,3,'Tuesday',1,'January',1997,1),(1202,'1997-01-22 00:00:00',22,22,4,'Wednesday',1,'January',1997,1),(1203,'1997-01-23 00:00:00',23,23,5,'Thursday',1,'January',1997,1),(1204,'1997-01-24 00:00:00',24,24,6,'Friday',1,'January',1997,1),(1205,'1997-01-25 00:00:00',25,25,7,'Saturday',1,'January',1997,1),(1206,'1997-01-26 00:00:00',26,26,1,'Sunday',1,'January',1997,1),(1207,'1997-01-27 00:00:00',27,27,2,'Monday',1,'January',1997,1),(1208,'1997-01-28 00:00:00',28,28,3,'Tuesday',1,'January',1997,1),(1209,'1997-01-29 00:00:00',29,29,4,'Wednesday',1,'January',1997,1),(1210,'1997-01-30 00:00:00',30,30,5,'Thursday',1,'January',1997,1),(1211,'1997-01-31 00:00:00',31,31,6,'Friday',1,'January',1997,1),(1212,'1997-02-01 00:00:00',1,32,7,'Saturday',2,'February',1997,1),(1213,'1997-02-02 00:00:00',2,33,1,'Sunday',2,'February',1997,1),(1214,'1997-02-03 00:00:00',3,34,2,'Monday',2,'February',1997,1),(1215,'1997-02-04 00:00:00',4,35,3,'Tuesday',2,'February',1997,1),(1216,'1997-02-05 00:00:00',5,36,4,'Wednesday',2,'February',1997,1),(1217,'1997-02-06 00:00:00',6,37,5,'Thursday',2,'February',1997,1),(1218,'1997-02-07 00:00:00',7,38,6,'Friday',2,'February',1997,1),(1219,'1997-02-08 00:00:00',8,39,7,'Saturday',2,'February',1997,1),(1220,'1997-02-09 00:00:00',9,40,1,'Sunday',2,'February',1997,1),(1221,'1997-02-10 00:00:00',10,41,2,'Monday',2,'February',1997,1),(1222,'1997-02-11 00:00:00',11,42,3,'Tuesday',2,'February',1997,1),(1223,'1997-02-12 00:00:00',12,43,4,'Wednesday',2,'February',1997,1),(1224,'1997-02-13 00:00:00',13,44,5,'Thursday',2,'February',1997,1),(1225,'1997-02-14 00:00:00',14,45,6,'Friday',2,'February',1997,1),(1226,'1997-02-15 00:00:00',15,46,7,'Saturday',2,'February',1997,1),(1227,'1997-02-16 00:00:00',16,47,1,'Sunday',2,'February',1997,1),(1228,'1997-02-17 00:00:00',17,48,2,'Monday',2,'February',1997,1),(1229,'1997-02-18 00:00:00',18,49,3,'Tuesday',2,'February',1997,1),(1230,'1997-02-19 00:00:00',19,50,4,'Wednesday',2,'February',1997,1),(1231,'1997-02-20 00:00:00',20,51,5,'Thursday',2,'February',1997,1),(1232,'1997-02-21 00:00:00',21,52,6,'Friday',2,'February',1997,1),(1233,'1997-02-22 00:00:00',22,53,7,'Saturday',2,'February',1997,1),(1234,'1997-02-23 00:00:00',23,54,1,'Sunday',2,'February',1997,1),(1235,'1997-02-24 00:00:00',24,55,2,'Monday',2,'February',1997,1),(1236,'1997-02-25 00:00:00',25,56,3,'Tuesday',2,'February',1997,1),(1237,'1997-02-26 00:00:00',26,57,4,'Wednesday',2,'February',1997,1),(1238,'1997-02-27 00:00:00',27,58,5,'Thursday',2,'February',1997,1),(1239,'1997-02-28 00:00:00',28,59,6,'Friday',2,'February',1997,1),(1240,'1997-03-01 00:00:00',1,60,7,'Saturday',3,'March',1997,1),(1241,'1997-03-02 00:00:00',2,61,1,'Sunday',3,'March',1997,1),(1242,'1997-03-03 00:00:00',3,62,2,'Monday',3,'March',1997,1),(1243,'1997-03-04 00:00:00',4,63,3,'Tuesday',3,'March',1997,1),(1244,'1997-03-05 00:00:00',5,64,4,'Wednesday',3,'March',1997,1),(1245,'1997-03-06 00:00:00',6,65,5,'Thursday',3,'March',1997,1),(1246,'1997-03-07 00:00:00',7,66,6,'Friday',3,'March',1997,1),(1247,'1997-03-08 00:00:00',8,67,7,'Saturday',3,'March',1997,1),(1248,'1997-03-09 00:00:00',9,68,1,'Sunday',3,'March',1997,1),(1249,'1997-03-10 00:00:00',10,69,2,'Monday',3,'March',1997,1),(1250,'1997-03-11 00:00:00',11,70,3,'Tuesday',3,'March',1997,1),(1251,'1997-03-12 00:00:00',12,71,4,'Wednesday',3,'March',1997,1),(1252,'1997-03-13 00:00:00',13,72,5,'Thursday',3,'March',1997,1),(1253,'1997-03-14 00:00:00',14,73,6,'Friday',3,'March',1997,1),(1254,'1997-03-15 00:00:00',15,74,7,'Saturday',3,'March',1997,1),(1255,'1997-03-16 00:00:00',16,75,1,'Sunday',3,'March',1997,1),(1256,'1997-03-17 00:00:00',17,76,2,'Monday',3,'March',1997,1),(1257,'1997-03-18 00:00:00',18,77,3,'Tuesday',3,'March',1997,1),(1258,'1997-03-19 00:00:00',19,78,4,'Wednesday',3,'March',1997,1),(1259,'1997-03-20 00:00:00',20,79,5,'Thursday',3,'March',1997,1),(1260,'1997-03-21 00:00:00',21,80,6,'Friday',3,'March',1997,1),(1261,'1997-03-22 00:00:00',22,81,7,'Saturday',3,'March',1997,1),(1262,'1997-03-23 00:00:00',23,82,1,'Sunday',3,'March',1997,1),(1263,'1997-03-24 00:00:00',24,83,2,'Monday',3,'March',1997,1),(1264,'1997-03-25 00:00:00',25,84,3,'Tuesday',3,'March',1997,1),(1265,'1997-03-26 00:00:00',26,85,4,'Wednesday',3,'March',1997,1),(1266,'1997-03-27 00:00:00',27,86,5,'Thursday',3,'March',1997,1),(1267,'1997-03-28 00:00:00',28,87,6,'Friday',3,'March',1997,1),(1268,'1997-03-29 00:00:00',29,88,7,'Saturday',3,'March',1997,1),(1269,'1997-03-30 00:00:00',30,89,1,'Sunday',3,'March',1997,1),(1270,'1997-03-31 00:00:00',31,90,2,'Monday',3,'March',1997,1),(1271,'1997-04-01 00:00:00',1,91,3,'Tuesday',4,'April',1997,2),(1272,'1997-04-02 00:00:00',2,92,4,'Wednesday',4,'April',1997,2),(1273,'1997-04-03 00:00:00',3,93,5,'Thursday',4,'April',1997,2),(1274,'1997-04-04 00:00:00',4,94,6,'Friday',4,'April',1997,2),(1275,'1997-04-05 00:00:00',5,95,7,'Saturday',4,'April',1997,2),(1276,'1997-04-06 00:00:00',6,96,1,'Sunday',4,'April',1997,2),(1277,'1997-04-07 00:00:00',7,97,2,'Monday',4,'April',1997,2),(1278,'1997-04-08 00:00:00',8,98,3,'Tuesday',4,'April',1997,2),(1279,'1997-04-09 00:00:00',9,99,4,'Wednesday',4,'April',1997,2),(1280,'1997-04-10 00:00:00',10,100,5,'Thursday',4,'April',1997,2),(1281,'1997-04-11 00:00:00',11,101,6,'Friday',4,'April',1997,2),(1282,'1997-04-12 00:00:00',12,102,7,'Saturday',4,'April',1997,2),(1283,'1997-04-13 00:00:00',13,103,1,'Sunday',4,'April',1997,2),(1284,'1997-04-14 00:00:00',14,104,2,'Monday',4,'April',1997,2),(1285,'1997-04-15 00:00:00',15,105,3,'Tuesday',4,'April',1997,2),(1286,'1997-04-16 00:00:00',16,106,4,'Wednesday',4,'April',1997,2),(1287,'1997-04-17 00:00:00',17,107,5,'Thursday',4,'April',1997,2),(1288,'1997-04-18 00:00:00',18,108,6,'Friday',4,'April',1997,2),(1289,'1997-04-19 00:00:00',19,109,7,'Saturday',4,'April',1997,2),(1290,'1997-04-20 00:00:00',20,110,1,'Sunday',4,'April',1997,2),(1291,'1997-04-21 00:00:00',21,111,2,'Monday',4,'April',1997,2),(1292,'1997-04-22 00:00:00',22,112,3,'Tuesday',4,'April',1997,2),(1293,'1997-04-23 00:00:00',23,113,4,'Wednesday',4,'April',1997,2),(1294,'1997-04-24 00:00:00',24,114,5,'Thursday',4,'April',1997,2),(1295,'1997-04-25 00:00:00',25,115,6,'Friday',4,'April',1997,2),(1296,'1997-04-26 00:00:00',26,116,7,'Saturday',4,'April',1997,2),(1297,'1997-04-27 00:00:00',27,117,1,'Sunday',4,'April',1997,2),(1298,'1997-04-28 00:00:00',28,118,2,'Monday',4,'April',1997,2),(1299,'1997-04-29 00:00:00',29,119,3,'Tuesday',4,'April',1997,2),(1300,'1997-04-30 00:00:00',30,120,4,'Wednesday',4,'April',1997,2),(1301,'1997-05-01 00:00:00',1,121,5,'Thursday',5,'May',1997,2),(1302,'1997-05-02 00:00:00',2,122,6,'Friday',5,'May',1997,2),(1303,'1997-05-03 00:00:00',3,123,7,'Saturday',5,'May',1997,2),(1304,'1997-05-04 00:00:00',4,124,1,'Sunday',5,'May',1997,2),(1305,'1997-05-05 00:00:00',5,125,2,'Monday',5,'May',1997,2),(1306,'1997-05-06 00:00:00',6,126,3,'Tuesday',5,'May',1997,2),(1307,'1997-05-07 00:00:00',7,127,4,'Wednesday',5,'May',1997,2),(1308,'1997-05-08 00:00:00',8,128,5,'Thursday',5,'May',1997,2),(1309,'1997-05-09 00:00:00',9,129,6,'Friday',5,'May',1997,2),(1310,'1997-05-10 00:00:00',10,130,7,'Saturday',5,'May',1997,2),(1311,'1997-05-11 00:00:00',11,131,1,'Sunday',5,'May',1997,2),(1312,'1997-05-12 00:00:00',12,132,2,'Monday',5,'May',1997,2),(1313,'1997-05-13 00:00:00',13,133,3,'Tuesday',5,'May',1997,2),(1314,'1997-05-14 00:00:00',14,134,4,'Wednesday',5,'May',1997,2),(1315,'1997-05-15 00:00:00',15,135,5,'Thursday',5,'May',1997,2),(1316,'1997-05-16 00:00:00',16,136,6,'Friday',5,'May',1997,2),(1317,'1997-05-17 00:00:00',17,137,7,'Saturday',5,'May',1997,2),(1318,'1997-05-18 00:00:00',18,138,1,'Sunday',5,'May',1997,2),(1319,'1997-05-19 00:00:00',19,139,2,'Monday',5,'May',1997,2),(1320,'1997-05-20 00:00:00',20,140,3,'Tuesday',5,'May',1997,2),(1321,'1997-05-21 00:00:00',21,141,4,'Wednesday',5,'May',1997,2),(1322,'1997-05-22 00:00:00',22,142,5,'Thursday',5,'May',1997,2),(1323,'1997-05-23 00:00:00',23,143,6,'Friday',5,'May',1997,2),(1324,'1997-05-24 00:00:00',24,144,7,'Saturday',5,'May',1997,2),(1325,'1997-05-25 00:00:00',25,145,1,'Sunday',5,'May',1997,2),(1326,'1997-05-26 00:00:00',26,146,2,'Monday',5,'May',1997,2),(1327,'1997-05-27 00:00:00',27,147,3,'Tuesday',5,'May',1997,2),(1328,'1997-05-28 00:00:00',28,148,4,'Wednesday',5,'May',1997,2),(1329,'1997-05-29 00:00:00',29,149,5,'Thursday',5,'May',1997,2),(1330,'1997-05-30 00:00:00',30,150,6,'Friday',5,'May',1997,2),(1331,'1997-05-31 00:00:00',31,151,7,'Saturday',5,'May',1997,2),(1332,'1997-06-01 00:00:00',1,152,1,'Sunday',6,'June',1997,2),(1333,'1997-06-02 00:00:00',2,153,2,'Monday',6,'June',1997,2),(1334,'1997-06-03 00:00:00',3,154,3,'Tuesday',6,'June',1997,2),(1335,'1997-06-04 00:00:00',4,155,4,'Wednesday',6,'June',1997,2),(1336,'1997-06-05 00:00:00',5,156,5,'Thursday',6,'June',1997,2),(1337,'1997-06-06 00:00:00',6,157,6,'Friday',6,'June',1997,2),(1338,'1997-06-07 00:00:00',7,158,7,'Saturday',6,'June',1997,2),(1339,'1997-06-08 00:00:00',8,159,1,'Sunday',6,'June',1997,2),(1340,'1997-06-09 00:00:00',9,160,2,'Monday',6,'June',1997,2),(1341,'1997-06-10 00:00:00',10,161,3,'Tuesday',6,'June',1997,2),(1342,'1997-06-11 00:00:00',11,162,4,'Wednesday',6,'June',1997,2),(1343,'1997-06-12 00:00:00',12,163,5,'Thursday',6,'June',1997,2),(1344,'1997-06-13 00:00:00',13,164,6,'Friday',6,'June',1997,2),(1345,'1997-06-14 00:00:00',14,165,7,'Saturday',6,'June',1997,2),(1346,'1997-06-15 00:00:00',15,166,1,'Sunday',6,'June',1997,2),(1347,'1997-06-16 00:00:00',16,167,2,'Monday',6,'June',1997,2),(1348,'1997-06-17 00:00:00',17,168,3,'Tuesday',6,'June',1997,2),(1349,'1997-06-18 00:00:00',18,169,4,'Wednesday',6,'June',1997,2),(1350,'1997-06-19 00:00:00',19,170,5,'Thursday',6,'June',1997,2),(1351,'1997-06-20 00:00:00',20,171,6,'Friday',6,'June',1997,2),(1352,'1997-06-21 00:00:00',21,172,7,'Saturday',6,'June',1997,2),(1353,'1997-06-22 00:00:00',22,173,1,'Sunday',6,'June',1997,2),(1354,'1997-06-23 00:00:00',23,174,2,'Monday',6,'June',1997,2),(1355,'1997-06-24 00:00:00',24,175,3,'Tuesday',6,'June',1997,2),(1356,'1997-06-25 00:00:00',25,176,4,'Wednesday',6,'June',1997,2),(1357,'1997-06-26 00:00:00',26,177,5,'Thursday',6,'June',1997,2),(1358,'1997-06-27 00:00:00',27,178,6,'Friday',6,'June',1997,2),(1359,'1997-06-28 00:00:00',28,179,7,'Saturday',6,'June',1997,2),(1360,'1997-06-29 00:00:00',29,180,1,'Sunday',6,'June',1997,2),(1361,'1997-06-30 00:00:00',30,181,2,'Monday',6,'June',1997,2),(1362,'1997-07-01 00:00:00',1,182,3,'Tuesday',7,'July',1997,3),(1363,'1997-07-02 00:00:00',2,183,4,'Wednesday',7,'July',1997,3),(1364,'1997-07-03 00:00:00',3,184,5,'Thursday',7,'July',1997,3),(1365,'1997-07-04 00:00:00',4,185,6,'Friday',7,'July',1997,3),(1366,'1997-07-05 00:00:00',5,186,7,'Saturday',7,'July',1997,3),(1367,'1997-07-06 00:00:00',6,187,1,'Sunday',7,'July',1997,3),(1368,'1997-07-07 00:00:00',7,188,2,'Monday',7,'July',1997,3),(1369,'1997-07-08 00:00:00',8,189,3,'Tuesday',7,'July',1997,3),(1370,'1997-07-09 00:00:00',9,190,4,'Wednesday',7,'July',1997,3),(1371,'1997-07-10 00:00:00',10,191,5,'Thursday',7,'July',1997,3),(1372,'1997-07-11 00:00:00',11,192,6,'Friday',7,'July',1997,3),(1373,'1997-07-12 00:00:00',12,193,7,'Saturday',7,'July',1997,3),(1374,'1997-07-13 00:00:00',13,194,1,'Sunday',7,'July',1997,3),(1375,'1997-07-14 00:00:00',14,195,2,'Monday',7,'July',1997,3),(1376,'1997-07-15 00:00:00',15,196,3,'Tuesday',7,'July',1997,3),(1377,'1997-07-16 00:00:00',16,197,4,'Wednesday',7,'July',1997,3),(1378,'1997-07-17 00:00:00',17,198,5,'Thursday',7,'July',1997,3),(1379,'1997-07-18 00:00:00',18,199,6,'Friday',7,'July',1997,3),(1380,'1997-07-19 00:00:00',19,200,7,'Saturday',7,'July',1997,3),(1381,'1997-07-20 00:00:00',20,201,1,'Sunday',7,'July',1997,3),(1382,'1997-07-21 00:00:00',21,202,2,'Monday',7,'July',1997,3),(1383,'1997-07-22 00:00:00',22,203,3,'Tuesday',7,'July',1997,3),(1384,'1997-07-23 00:00:00',23,204,4,'Wednesday',7,'July',1997,3),(1385,'1997-07-24 00:00:00',24,205,5,'Thursday',7,'July',1997,3),(1386,'1997-07-25 00:00:00',25,206,6,'Friday',7,'July',1997,3),(1387,'1997-07-26 00:00:00',26,207,7,'Saturday',7,'July',1997,3),(1388,'1997-07-27 00:00:00',27,208,1,'Sunday',7,'July',1997,3),(1389,'1997-07-28 00:00:00',28,209,2,'Monday',7,'July',1997,3),(1390,'1997-07-29 00:00:00',29,210,3,'Tuesday',7,'July',1997,3),(1391,'1997-07-30 00:00:00',30,211,4,'Wednesday',7,'July',1997,3),(1392,'1997-07-31 00:00:00',31,212,5,'Thursday',7,'July',1997,3),(1393,'1997-08-01 00:00:00',1,213,6,'Friday',8,'August',1997,3),(1394,'1997-08-02 00:00:00',2,214,7,'Saturday',8,'August',1997,3),(1395,'1997-08-03 00:00:00',3,215,1,'Sunday',8,'August',1997,3),(1396,'1997-08-04 00:00:00',4,216,2,'Monday',8,'August',1997,3),(1397,'1997-08-05 00:00:00',5,217,3,'Tuesday',8,'August',1997,3),(1398,'1997-08-06 00:00:00',6,218,4,'Wednesday',8,'August',1997,3),(1399,'1997-08-07 00:00:00',7,219,5,'Thursday',8,'August',1997,3),(1400,'1997-08-08 00:00:00',8,220,6,'Friday',8,'August',1997,3),(1401,'1997-08-09 00:00:00',9,221,7,'Saturday',8,'August',1997,3),(1402,'1997-08-10 00:00:00',10,222,1,'Sunday',8,'August',1997,3),(1403,'1997-08-11 00:00:00',11,223,2,'Monday',8,'August',1997,3),(1404,'1997-08-12 00:00:00',12,224,3,'Tuesday',8,'August',1997,3),(1405,'1997-08-13 00:00:00',13,225,4,'Wednesday',8,'August',1997,3),(1406,'1997-08-14 00:00:00',14,226,5,'Thursday',8,'August',1997,3),(1407,'1997-08-15 00:00:00',15,227,6,'Friday',8,'August',1997,3),(1408,'1997-08-16 00:00:00',16,228,7,'Saturday',8,'August',1997,3),(1409,'1997-08-17 00:00:00',17,229,1,'Sunday',8,'August',1997,3),(1410,'1997-08-18 00:00:00',18,230,2,'Monday',8,'August',1997,3),(1411,'1997-08-19 00:00:00',19,231,3,'Tuesday',8,'August',1997,3),(1412,'1997-08-20 00:00:00',20,232,4,'Wednesday',8,'August',1997,3),(1413,'1997-08-21 00:00:00',21,233,5,'Thursday',8,'August',1997,3),(1414,'1997-08-22 00:00:00',22,234,6,'Friday',8,'August',1997,3),(1415,'1997-08-23 00:00:00',23,235,7,'Saturday',8,'August',1997,3),(1416,'1997-08-24 00:00:00',24,236,1,'Sunday',8,'August',1997,3),(1417,'1997-08-25 00:00:00',25,237,2,'Monday',8,'August',1997,3),(1418,'1997-08-26 00:00:00',26,238,3,'Tuesday',8,'August',1997,3),(1419,'1997-08-27 00:00:00',27,239,4,'Wednesday',8,'August',1997,3),(1420,'1997-08-28 00:00:00',28,240,5,'Thursday',8,'August',1997,3),(1421,'1997-08-29 00:00:00',29,241,6,'Friday',8,'August',1997,3),(1422,'1997-08-30 00:00:00',30,242,7,'Saturday',8,'August',1997,3),(1423,'1997-08-31 00:00:00',31,243,1,'Sunday',8,'August',1997,3),(1424,'1997-09-01 00:00:00',1,244,2,'Monday',9,'September',1997,3),(1425,'1997-09-02 00:00:00',2,245,3,'Tuesday',9,'September',1997,3),(1426,'1997-09-03 00:00:00',3,246,4,'Wednesday',9,'September',1997,3),(1427,'1997-09-04 00:00:00',4,247,5,'Thursday',9,'September',1997,3),(1428,'1997-09-05 00:00:00',5,248,6,'Friday',9,'September',1997,3),(1429,'1997-09-06 00:00:00',6,249,7,'Saturday',9,'September',1997,3),(1430,'1997-09-07 00:00:00',7,250,1,'Sunday',9,'September',1997,3),(1431,'1997-09-08 00:00:00',8,251,2,'Monday',9,'September',1997,3),(1432,'1997-09-09 00:00:00',9,252,3,'Tuesday',9,'September',1997,3),(1433,'1997-09-10 00:00:00',10,253,4,'Wednesday',9,'September',1997,3),(1434,'1997-09-11 00:00:00',11,254,5,'Thursday',9,'September',1997,3),(1435,'1997-09-12 00:00:00',12,255,6,'Friday',9,'September',1997,3),(1436,'1997-09-13 00:00:00',13,256,7,'Saturday',9,'September',1997,3),(1437,'1997-09-14 00:00:00',14,257,1,'Sunday',9,'September',1997,3),(1438,'1997-09-15 00:00:00',15,258,2,'Monday',9,'September',1997,3),(1439,'1997-09-16 00:00:00',16,259,3,'Tuesday',9,'September',1997,3),(1440,'1997-09-17 00:00:00',17,260,4,'Wednesday',9,'September',1997,3),(1441,'1997-09-18 00:00:00',18,261,5,'Thursday',9,'September',1997,3),(1442,'1997-09-19 00:00:00',19,262,6,'Friday',9,'September',1997,3),(1443,'1997-09-20 00:00:00',20,263,7,'Saturday',9,'September',1997,3),(1444,'1997-09-21 00:00:00',21,264,1,'Sunday',9,'September',1997,3),(1445,'1997-09-22 00:00:00',22,265,2,'Monday',9,'September',1997,3),(1446,'1997-09-23 00:00:00',23,266,3,'Tuesday',9,'September',1997,3),(1447,'1997-09-24 00:00:00',24,267,4,'Wednesday',9,'September',1997,3),(1448,'1997-09-25 00:00:00',25,268,5,'Thursday',9,'September',1997,3),(1449,'1997-09-26 00:00:00',26,269,6,'Friday',9,'September',1997,3),(1450,'1997-09-27 00:00:00',27,270,7,'Saturday',9,'September',1997,3),(1451,'1997-09-28 00:00:00',28,271,1,'Sunday',9,'September',1997,3),(1452,'1997-09-29 00:00:00',29,272,2,'Monday',9,'September',1997,3),(1453,'1997-09-30 00:00:00',30,273,3,'Tuesday',9,'September',1997,3),(1454,'1997-10-01 00:00:00',1,274,4,'Wednesday',10,'October',1997,4),(1455,'1997-10-02 00:00:00',2,275,5,'Thursday',10,'October',1997,4),(1456,'1997-10-03 00:00:00',3,276,6,'Friday',10,'October',1997,4),(1457,'1997-10-04 00:00:00',4,277,7,'Saturday',10,'October',1997,4),(1458,'1997-10-05 00:00:00',5,278,1,'Sunday',10,'October',1997,4),(1459,'1997-10-06 00:00:00',6,279,2,'Monday',10,'October',1997,4),(1460,'1997-10-07 00:00:00',7,280,3,'Tuesday',10,'October',1997,4),(1461,'1997-10-08 00:00:00',8,281,4,'Wednesday',10,'October',1997,4),(1462,'1997-10-09 00:00:00',9,282,5,'Thursday',10,'October',1997,4),(1463,'1997-10-10 00:00:00',10,283,6,'Friday',10,'October',1997,4),(1464,'1997-10-11 00:00:00',11,284,7,'Saturday',10,'October',1997,4),(1465,'1997-10-12 00:00:00',12,285,1,'Sunday',10,'October',1997,4),(1466,'1997-10-13 00:00:00',13,286,2,'Monday',10,'October',1997,4),(1467,'1997-10-14 00:00:00',14,287,3,'Tuesday',10,'October',1997,4),(1468,'1997-10-15 00:00:00',15,288,4,'Wednesday',10,'October',1997,4),(1469,'1997-10-16 00:00:00',16,289,5,'Thursday',10,'October',1997,4),(1470,'1997-10-17 00:00:00',17,290,6,'Friday',10,'October',1997,4),(1471,'1997-10-18 00:00:00',18,291,7,'Saturday',10,'October',1997,4),(1472,'1997-10-19 00:00:00',19,292,1,'Sunday',10,'October',1997,4),(1473,'1997-10-20 00:00:00',20,293,2,'Monday',10,'October',1997,4),(1474,'1997-10-21 00:00:00',21,294,3,'Tuesday',10,'October',1997,4),(1475,'1997-10-22 00:00:00',22,295,4,'Wednesday',10,'October',1997,4),(1476,'1997-10-23 00:00:00',23,296,5,'Thursday',10,'October',1997,4),(1477,'1997-10-24 00:00:00',24,297,6,'Friday',10,'October',1997,4),(1478,'1997-10-25 00:00:00',25,298,7,'Saturday',10,'October',1997,4),(1479,'1997-10-26 00:00:00',26,299,1,'Sunday',10,'October',1997,4),(1480,'1997-10-27 00:00:00',27,300,2,'Monday',10,'October',1997,4),(1481,'1997-10-28 00:00:00',28,301,3,'Tuesday',10,'October',1997,4),(1482,'1997-10-29 00:00:00',29,302,4,'Wednesday',10,'October',1997,4),(1483,'1997-10-30 00:00:00',30,303,5,'Thursday',10,'October',1997,4),(1484,'1997-10-31 00:00:00',31,304,6,'Friday',10,'October',1997,4),(1485,'1997-11-01 00:00:00',1,305,7,'Saturday',11,'November',1997,4),(1486,'1997-11-02 00:00:00',2,306,1,'Sunday',11,'November',1997,4),(1487,'1997-11-03 00:00:00',3,307,2,'Monday',11,'November',1997,4),(1488,'1997-11-04 00:00:00',4,308,3,'Tuesday',11,'November',1997,4),(1489,'1997-11-05 00:00:00',5,309,4,'Wednesday',11,'November',1997,4),(1490,'1997-11-06 00:00:00',6,310,5,'Thursday',11,'November',1997,4),(1491,'1997-11-07 00:00:00',7,311,6,'Friday',11,'November',1997,4),(1492,'1997-11-08 00:00:00',8,312,7,'Saturday',11,'November',1997,4),(1493,'1997-11-09 00:00:00',9,313,1,'Sunday',11,'November',1997,4),(1494,'1997-11-10 00:00:00',10,314,2,'Monday',11,'November',1997,4),(1495,'1997-11-11 00:00:00',11,315,3,'Tuesday',11,'November',1997,4),(1496,'1997-11-12 00:00:00',12,316,4,'Wednesday',11,'November',1997,4),(1497,'1997-11-13 00:00:00',13,317,5,'Thursday',11,'November',1997,4),(1498,'1997-11-14 00:00:00',14,318,6,'Friday',11,'November',1997,4),(1499,'1997-11-15 00:00:00',15,319,7,'Saturday',11,'November',1997,4),(1500,'1997-11-16 00:00:00',16,320,1,'Sunday',11,'November',1997,4),(1501,'1997-11-17 00:00:00',17,321,2,'Monday',11,'November',1997,4),(1502,'1997-11-18 00:00:00',18,322,3,'Tuesday',11,'November',1997,4),(1503,'1997-11-19 00:00:00',19,323,4,'Wednesday',11,'November',1997,4),(1504,'1997-11-20 00:00:00',20,324,5,'Thursday',11,'November',1997,4),(1505,'1997-11-21 00:00:00',21,325,6,'Friday',11,'November',1997,4),(1506,'1997-11-22 00:00:00',22,326,7,'Saturday',11,'November',1997,4),(1507,'1997-11-23 00:00:00',23,327,1,'Sunday',11,'November',1997,4),(1508,'1997-11-24 00:00:00',24,328,2,'Monday',11,'November',1997,4),(1509,'1997-11-25 00:00:00',25,329,3,'Tuesday',11,'November',1997,4),(1510,'1997-11-26 00:00:00',26,330,4,'Wednesday',11,'November',1997,4),(1511,'1997-11-27 00:00:00',27,331,5,'Thursday',11,'November',1997,4),(1512,'1997-11-28 00:00:00',28,332,6,'Friday',11,'November',1997,4),(1513,'1997-11-29 00:00:00',29,333,7,'Saturday',11,'November',1997,4),(1514,'1997-11-30 00:00:00',30,334,1,'Sunday',11,'November',1997,4),(1515,'1997-12-01 00:00:00',1,335,2,'Monday',12,'December',1997,4),(1516,'1997-12-02 00:00:00',2,336,3,'Tuesday',12,'December',1997,4),(1517,'1997-12-03 00:00:00',3,337,4,'Wednesday',12,'December',1997,4),(1518,'1997-12-04 00:00:00',4,338,5,'Thursday',12,'December',1997,4),(1519,'1997-12-05 00:00:00',5,339,6,'Friday',12,'December',1997,4),(1520,'1997-12-06 00:00:00',6,340,7,'Saturday',12,'December',1997,4),(1521,'1997-12-07 00:00:00',7,341,1,'Sunday',12,'December',1997,4),(1522,'1997-12-08 00:00:00',8,342,2,'Monday',12,'December',1997,4),(1523,'1997-12-09 00:00:00',9,343,3,'Tuesday',12,'December',1997,4),(1524,'1997-12-10 00:00:00',10,344,4,'Wednesday',12,'December',1997,4),(1525,'1997-12-11 00:00:00',11,345,5,'Thursday',12,'December',1997,4),(1526,'1997-12-12 00:00:00',12,346,6,'Friday',12,'December',1997,4),(1527,'1997-12-13 00:00:00',13,347,7,'Saturday',12,'December',1997,4),(1528,'1997-12-14 00:00:00',14,348,1,'Sunday',12,'December',1997,4),(1529,'1997-12-15 00:00:00',15,349,2,'Monday',12,'December',1997,4),(1530,'1997-12-16 00:00:00',16,350,3,'Tuesday',12,'December',1997,4),(1531,'1997-12-17 00:00:00',17,351,4,'Wednesday',12,'December',1997,4),(1532,'1997-12-18 00:00:00',18,352,5,'Thursday',12,'December',1997,4),(1533,'1997-12-19 00:00:00',19,353,6,'Friday',12,'December',1997,4),(1534,'1997-12-20 00:00:00',20,354,7,'Saturday',12,'December',1997,4),(1535,'1997-12-21 00:00:00',21,355,1,'Sunday',12,'December',1997,4),(1536,'1997-12-22 00:00:00',22,356,2,'Monday',12,'December',1997,4),(1537,'1997-12-23 00:00:00',23,357,3,'Tuesday',12,'December',1997,4),(1538,'1997-12-24 00:00:00',24,358,4,'Wednesday',12,'December',1997,4),(1539,'1997-12-25 00:00:00',25,359,5,'Thursday',12,'December',1997,4),(1540,'1997-12-26 00:00:00',26,360,6,'Friday',12,'December',1997,4),(1541,'1997-12-27 00:00:00',27,361,7,'Saturday',12,'December',1997,4),(1542,'1997-12-28 00:00:00',28,362,1,'Sunday',12,'December',1997,4),(1543,'1997-12-29 00:00:00',29,363,2,'Monday',12,'December',1997,4),(1544,'1997-12-30 00:00:00',30,364,3,'Tuesday',12,'December',1997,4),(1545,'1997-12-31 00:00:00',31,365,4,'Wednesday',12,'December',1997,4),(1546,'1998-01-01 00:00:00',1,1,5,'Thursday',1,'January',1998,1),(1547,'1998-01-02 00:00:00',2,2,6,'Friday',1,'January',1998,1),(1548,'1998-01-03 00:00:00',3,3,7,'Saturday',1,'January',1998,1),(1549,'1998-01-04 00:00:00',4,4,1,'Sunday',1,'January',1998,1),(1550,'1998-01-05 00:00:00',5,5,2,'Monday',1,'January',1998,1),(1551,'1998-01-06 00:00:00',6,6,3,'Tuesday',1,'January',1998,1),(1552,'1998-01-07 00:00:00',7,7,4,'Wednesday',1,'January',1998,1),(1553,'1998-01-08 00:00:00',8,8,5,'Thursday',1,'January',1998,1),(1554,'1998-01-09 00:00:00',9,9,6,'Friday',1,'January',1998,1),(1555,'1998-01-10 00:00:00',10,10,7,'Saturday',1,'January',1998,1),(1556,'1998-01-11 00:00:00',11,11,1,'Sunday',1,'January',1998,1),(1557,'1998-01-12 00:00:00',12,12,2,'Monday',1,'January',1998,1),(1558,'1998-01-13 00:00:00',13,13,3,'Tuesday',1,'January',1998,1),(1559,'1998-01-14 00:00:00',14,14,4,'Wednesday',1,'January',1998,1),(1560,'1998-01-15 00:00:00',15,15,5,'Thursday',1,'January',1998,1),(1561,'1998-01-16 00:00:00',16,16,6,'Friday',1,'January',1998,1),(1562,'1998-01-17 00:00:00',17,17,7,'Saturday',1,'January',1998,1),(1563,'1998-01-18 00:00:00',18,18,1,'Sunday',1,'January',1998,1),(1564,'1998-01-19 00:00:00',19,19,2,'Monday',1,'January',1998,1),(1565,'1998-01-20 00:00:00',20,20,3,'Tuesday',1,'January',1998,1),(1566,'1998-01-21 00:00:00',21,21,4,'Wednesday',1,'January',1998,1),(1567,'1998-01-22 00:00:00',22,22,5,'Thursday',1,'January',1998,1),(1568,'1998-01-23 00:00:00',23,23,6,'Friday',1,'January',1998,1),(1569,'1998-01-24 00:00:00',24,24,7,'Saturday',1,'January',1998,1),(1570,'1998-01-25 00:00:00',25,25,1,'Sunday',1,'January',1998,1),(1571,'1998-01-26 00:00:00',26,26,2,'Monday',1,'January',1998,1),(1572,'1998-01-27 00:00:00',27,27,3,'Tuesday',1,'January',1998,1),(1573,'1998-01-28 00:00:00',28,28,4,'Wednesday',1,'January',1998,1),(1574,'1998-01-29 00:00:00',29,29,5,'Thursday',1,'January',1998,1),(1575,'1998-01-30 00:00:00',30,30,6,'Friday',1,'January',1998,1),(1576,'1998-01-31 00:00:00',31,31,7,'Saturday',1,'January',1998,1),(1577,'1998-02-01 00:00:00',1,32,1,'Sunday',2,'February',1998,1),(1578,'1998-02-02 00:00:00',2,33,2,'Monday',2,'February',1998,1),(1579,'1998-02-03 00:00:00',3,34,3,'Tuesday',2,'February',1998,1),(1580,'1998-02-04 00:00:00',4,35,4,'Wednesday',2,'February',1998,1),(1581,'1998-02-05 00:00:00',5,36,5,'Thursday',2,'February',1998,1),(1582,'1998-02-06 00:00:00',6,37,6,'Friday',2,'February',1998,1),(1583,'1998-02-07 00:00:00',7,38,7,'Saturday',2,'February',1998,1),(1584,'1998-02-08 00:00:00',8,39,1,'Sunday',2,'February',1998,1),(1585,'1998-02-09 00:00:00',9,40,2,'Monday',2,'February',1998,1),(1586,'1998-02-10 00:00:00',10,41,3,'Tuesday',2,'February',1998,1),(1587,'1998-02-11 00:00:00',11,42,4,'Wednesday',2,'February',1998,1),(1588,'1998-02-12 00:00:00',12,43,5,'Thursday',2,'February',1998,1),(1589,'1998-02-13 00:00:00',13,44,6,'Friday',2,'February',1998,1),(1590,'1998-02-14 00:00:00',14,45,7,'Saturday',2,'February',1998,1),(1591,'1998-02-15 00:00:00',15,46,1,'Sunday',2,'February',1998,1),(1592,'1998-02-16 00:00:00',16,47,2,'Monday',2,'February',1998,1),(1593,'1998-02-17 00:00:00',17,48,3,'Tuesday',2,'February',1998,1),(1594,'1998-02-18 00:00:00',18,49,4,'Wednesday',2,'February',1998,1),(1595,'1998-02-19 00:00:00',19,50,5,'Thursday',2,'February',1998,1),(1596,'1998-02-20 00:00:00',20,51,6,'Friday',2,'February',1998,1),(1597,'1998-02-21 00:00:00',21,52,7,'Saturday',2,'February',1998,1),(1598,'1998-02-22 00:00:00',22,53,1,'Sunday',2,'February',1998,1),(1599,'1998-02-23 00:00:00',23,54,2,'Monday',2,'February',1998,1),(1600,'1998-02-24 00:00:00',24,55,3,'Tuesday',2,'February',1998,1),(1601,'1998-02-25 00:00:00',25,56,4,'Wednesday',2,'February',1998,1),(1602,'1998-02-26 00:00:00',26,57,5,'Thursday',2,'February',1998,1),(1603,'1998-02-27 00:00:00',27,58,6,'Friday',2,'February',1998,1),(1604,'1998-02-28 00:00:00',28,59,7,'Saturday',2,'February',1998,1),(1605,'1998-03-01 00:00:00',1,60,1,'Sunday',3,'March',1998,1),(1606,'1998-03-02 00:00:00',2,61,2,'Monday',3,'March',1998,1),(1607,'1998-03-03 00:00:00',3,62,3,'Tuesday',3,'March',1998,1),(1608,'1998-03-04 00:00:00',4,63,4,'Wednesday',3,'March',1998,1),(1609,'1998-03-05 00:00:00',5,64,5,'Thursday',3,'March',1998,1),(1610,'1998-03-06 00:00:00',6,65,6,'Friday',3,'March',1998,1),(1611,'1998-03-07 00:00:00',7,66,7,'Saturday',3,'March',1998,1),(1612,'1998-03-08 00:00:00',8,67,1,'Sunday',3,'March',1998,1),(1613,'1998-03-09 00:00:00',9,68,2,'Monday',3,'March',1998,1),(1614,'1998-03-10 00:00:00',10,69,3,'Tuesday',3,'March',1998,1),(1615,'1998-03-11 00:00:00',11,70,4,'Wednesday',3,'March',1998,1),(1616,'1998-03-12 00:00:00',12,71,5,'Thursday',3,'March',1998,1),(1617,'1998-03-13 00:00:00',13,72,6,'Friday',3,'March',1998,1),(1618,'1998-03-14 00:00:00',14,73,7,'Saturday',3,'March',1998,1),(1619,'1998-03-15 00:00:00',15,74,1,'Sunday',3,'March',1998,1),(1620,'1998-03-16 00:00:00',16,75,2,'Monday',3,'March',1998,1),(1621,'1998-03-17 00:00:00',17,76,3,'Tuesday',3,'March',1998,1),(1622,'1998-03-18 00:00:00',18,77,4,'Wednesday',3,'March',1998,1),(1623,'1998-03-19 00:00:00',19,78,5,'Thursday',3,'March',1998,1),(1624,'1998-03-20 00:00:00',20,79,6,'Friday',3,'March',1998,1),(1625,'1998-03-21 00:00:00',21,80,7,'Saturday',3,'March',1998,1),(1626,'1998-03-22 00:00:00',22,81,1,'Sunday',3,'March',1998,1),(1627,'1998-03-23 00:00:00',23,82,2,'Monday',3,'March',1998,1),(1628,'1998-03-24 00:00:00',24,83,3,'Tuesday',3,'March',1998,1),(1629,'1998-03-25 00:00:00',25,84,4,'Wednesday',3,'March',1998,1),(1630,'1998-03-26 00:00:00',26,85,5,'Thursday',3,'March',1998,1),(1631,'1998-03-27 00:00:00',27,86,6,'Friday',3,'March',1998,1),(1632,'1998-03-28 00:00:00',28,87,7,'Saturday',3,'March',1998,1),(1633,'1998-03-29 00:00:00',29,88,1,'Sunday',3,'March',1998,1),(1634,'1998-03-30 00:00:00',30,89,2,'Monday',3,'March',1998,1),(1635,'1998-03-31 00:00:00',31,90,3,'Tuesday',3,'March',1998,1),(1636,'1998-04-01 00:00:00',1,91,4,'Wednesday',4,'April',1998,2),(1637,'1998-04-02 00:00:00',2,92,5,'Thursday',4,'April',1998,2),(1638,'1998-04-03 00:00:00',3,93,6,'Friday',4,'April',1998,2),(1639,'1998-04-04 00:00:00',4,94,7,'Saturday',4,'April',1998,2),(1640,'1998-04-05 00:00:00',5,95,1,'Sunday',4,'April',1998,2),(1641,'1998-04-06 00:00:00',6,96,2,'Monday',4,'April',1998,2),(1642,'1998-04-07 00:00:00',7,97,3,'Tuesday',4,'April',1998,2),(1643,'1998-04-08 00:00:00',8,98,4,'Wednesday',4,'April',1998,2),(1644,'1998-04-09 00:00:00',9,99,5,'Thursday',4,'April',1998,2),(1645,'1998-04-10 00:00:00',10,100,6,'Friday',4,'April',1998,2),(1646,'1998-04-11 00:00:00',11,101,7,'Saturday',4,'April',1998,2),(1647,'1998-04-12 00:00:00',12,102,1,'Sunday',4,'April',1998,2),(1648,'1998-04-13 00:00:00',13,103,2,'Monday',4,'April',1998,2),(1649,'1998-04-14 00:00:00',14,104,3,'Tuesday',4,'April',1998,2),(1650,'1998-04-15 00:00:00',15,105,4,'Wednesday',4,'April',1998,2),(1651,'1998-04-16 00:00:00',16,106,5,'Thursday',4,'April',1998,2),(1652,'1998-04-17 00:00:00',17,107,6,'Friday',4,'April',1998,2),(1653,'1998-04-18 00:00:00',18,108,7,'Saturday',4,'April',1998,2),(1654,'1998-04-19 00:00:00',19,109,1,'Sunday',4,'April',1998,2),(1655,'1998-04-20 00:00:00',20,110,2,'Monday',4,'April',1998,2),(1656,'1998-04-21 00:00:00',21,111,3,'Tuesday',4,'April',1998,2),(1657,'1998-04-22 00:00:00',22,112,4,'Wednesday',4,'April',1998,2),(1658,'1998-04-23 00:00:00',23,113,5,'Thursday',4,'April',1998,2),(1659,'1998-04-24 00:00:00',24,114,6,'Friday',4,'April',1998,2),(1660,'1998-04-25 00:00:00',25,115,7,'Saturday',4,'April',1998,2),(1661,'1998-04-26 00:00:00',26,116,1,'Sunday',4,'April',1998,2),(1662,'1998-04-27 00:00:00',27,117,2,'Monday',4,'April',1998,2),(1663,'1998-04-28 00:00:00',28,118,3,'Tuesday',4,'April',1998,2),(1664,'1998-04-29 00:00:00',29,119,4,'Wednesday',4,'April',1998,2),(1665,'1998-04-30 00:00:00',30,120,5,'Thursday',4,'April',1998,2),(1666,'1998-05-01 00:00:00',1,121,6,'Friday',5,'May',1998,2),(1667,'1998-05-02 00:00:00',2,122,7,'Saturday',5,'May',1998,2),(1668,'1998-05-03 00:00:00',3,123,1,'Sunday',5,'May',1998,2),(1669,'1998-05-04 00:00:00',4,124,2,'Monday',5,'May',1998,2),(1670,'1998-05-05 00:00:00',5,125,3,'Tuesday',5,'May',1998,2);
/*!40000 ALTER TABLE `time_dim` ENABLE KEYS */;
UNLOCK TABLES;

--
-- Temporary view structure for view `vwunits_in_stock`
--

DROP TABLE IF EXISTS `vwunits_in_stock`;
/*!50001 DROP VIEW IF EXISTS `vwunits_in_stock`*/;
SET @saved_cs_client     = @@character_set_client;
/*!50503 SET character_set_client = utf8mb4 */;
/*!50001 CREATE VIEW `vwunits_in_stock` AS SELECT 
 1 AS `Product Category`,
 1 AS `Supplier Continent`,
 1 AS `UnitsInStock`*/;
SET character_set_client = @saved_cs_client;

--
-- Final view structure for view `expensive_vu`
--

/*!50001 DROP VIEW IF EXISTS `expensive_vu`*/;
/*!50001 SET @saved_cs_client          = @@character_set_client */;
/*!50001 SET @saved_cs_results         = @@character_set_results */;
/*!50001 SET @saved_col_connection     = @@collation_connection */;
/*!50001 SET character_set_client      = utf8mb4 */;
/*!50001 SET character_set_results     = utf8mb4 */;
/*!50001 SET collation_connection      = utf8mb4_0900_ai_ci */;
/*!50001 CREATE ALGORITHM=UNDEFINED */
/*!50013 DEFINER=`root`@`localhost` SQL SECURITY DEFINER */
/*!50001 VIEW `expensive_vu` AS select distinct `p`.`ProductName` AS `Ten_Most_Expensive_Products`,`o`.`UnitPrice` AS `UnitPrice` from (`product_dim` `p` join `order_facts` `o`) where (`p`.`ProductID` = `o`.`ProductID`) order by `o`.`UnitPrice` desc limit 10 */;
/*!50001 SET character_set_client      = @saved_cs_client */;
/*!50001 SET character_set_results     = @saved_cs_results */;
/*!50001 SET collation_connection      = @saved_col_connection */;

--
-- Final view structure for view `quarterly_orders_by_product`
--

/*!50001 DROP VIEW IF EXISTS `quarterly_orders_by_product`*/;
/*!50001 SET @saved_cs_client          = @@character_set_client */;
/*!50001 SET @saved_cs_results         = @@character_set_results */;
/*!50001 SET @saved_col_connection     = @@collation_connection */;
/*!50001 SET character_set_client      = utf8mb4 */;
/*!50001 SET character_set_results     = utf8mb4 */;
/*!50001 SET collation_connection      = utf8mb4_0900_ai_ci */;
/*!50001 CREATE ALGORITHM=UNDEFINED */
/*!50013 DEFINER=`root`@`localhost` SQL SECURITY DEFINER */
/*!50001 VIEW `quarterly_orders_by_product` AS select `p`.`ProductName` AS `ProductName`,`p`.`CompanyName` AS `CompanyName`,year(`o`.`OrderDate`) AS `OrderYear`,sum((case quarter(`o`.`OrderDate`) when '1' then ((`o`.`UnitPrice` * `o`.`Quantity`) * (1 - `o`.`Discount`)) else 0 end)) AS `Qtr 1`,sum((case quarter(`o`.`OrderDate`) when '2' then ((`o`.`UnitPrice` * `o`.`Quantity`) * (1 - `o`.`Discount`)) else 0 end)) AS `Qtr 2`,sum((case quarter(`o`.`OrderDate`) when '3' then ((`o`.`UnitPrice` * `o`.`Quantity`) * (1 - `o`.`Discount`)) else 0 end)) AS `Qtr 3`,sum((case quarter(`o`.`OrderDate`) when '4' then ((`o`.`UnitPrice` * `o`.`Quantity`) * (1 - `o`.`Discount`)) else 0 end)) AS `Qtr 4` from (((`product_dim` `p` join `order_facts` `o` on((`p`.`ProductID` = `o`.`ProductID`))) join `customer_dim` `d` on((`d`.`CustomerID` = `o`.`CustomerID`))) join `time_dim` `t` on((`t`.`fulldate` = `o`.`OrderDate`))) where (`t`.`year` = '1997') group by `p`.`ProductName`,`p`.`CompanyName`,year(`o`.`OrderDate`) order by `p`.`ProductName`,`p`.`CompanyName` */;
/*!50001 SET character_set_client      = @saved_cs_client */;
/*!50001 SET character_set_results     = @saved_cs_results */;
/*!50001 SET collation_connection      = @saved_col_connection */;

--
-- Final view structure for view `vwunits_in_stock`
--

/*!50001 DROP VIEW IF EXISTS `vwunits_in_stock`*/;
/*!50001 SET @saved_cs_client          = @@character_set_client */;
/*!50001 SET @saved_cs_results         = @@character_set_results */;
/*!50001 SET @saved_col_connection     = @@collation_connection */;
/*!50001 SET character_set_client      = utf8mb4 */;
/*!50001 SET character_set_results     = utf8mb4 */;
/*!50001 SET collation_connection      = utf8mb4_0900_ai_ci */;
/*!50001 CREATE ALGORITHM=UNDEFINED */
/*!50013 DEFINER=`root`@`localhost` SQL SECURITY DEFINER */
/*!50001 VIEW `vwunits_in_stock` AS select `p`.`CategoryName` AS `Product Category`,(case when (`c`.`Country` in ('UK','Spain','Sweden','Germany','Norway','Denmark','Netherlands','Finland','Italy','France')) then 'Europe' when (`c`.`Country` in ('USA','Canada','Brazil')) then 'America' else 'Asia-Pacific' end) AS `Supplier Continent`,sum(`o`.`UnitsInStock`) AS `UnitsInStock` from ((`order_facts` `o` join `product_dim` `p` on((`p`.`ProductID` = `o`.`ProductID`))) join `customer_dim` `c` on((`c`.`CustomerID` = `o`.`CustomerID`))) group by `p`.`CategoryName`,(case when (`c`.`Country` in ('UK','Spain','Sweden','Germany','Norway','Denmark','Netherlands','Finland','Italy','France')) then 'Europe' when (`c`.`Country` in ('USA','Canada','Brazil')) then 'America' else 'Asia-Pacific' end) */;
/*!50001 SET character_set_client      = @saved_cs_client */;
/*!50001 SET character_set_results     = @saved_cs_results */;
/*!50001 SET collation_connection      = @saved_col_connection */;
/*!40103 SET TIME_ZONE=@OLD_TIME_ZONE */;

/*!40101 SET SQL_MODE=@OLD_SQL_MODE */;
/*!40014 SET FOREIGN_KEY_CHECKS=@OLD_FOREIGN_KEY_CHECKS */;
/*!40014 SET UNIQUE_CHECKS=@OLD_UNIQUE_CHECKS */;
/*!40101 SET CHARACTER_SET_CLIENT=@OLD_CHARACTER_SET_CLIENT */;
/*!40101 SET CHARACTER_SET_RESULTS=@OLD_CHARACTER_SET_RESULTS */;
/*!40101 SET COLLATION_CONNECTION=@OLD_COLLATION_CONNECTION */;
/*!40111 SET SQL_NOTES=@OLD_SQL_NOTES */;

-- Dump completed on 2022-01-31 18:55:06
